followers_count,following_count,tweet_count,listed_count
297504,56377,110999,5498
204342,1378,19783,2065
44975,4829,78279,648
25556161,11,24081,18003
6673987,142,6919,15372
1270122,7912,41907,9199
4037,3015,67025,3
227490,160,57254,2549
2233178,2181,39055,5368
68466,3322,198315,1700
30067,2154,39553,405
2687953,481,18801,6313
48208,1294,35192,351
653839,6227,40395,3842
363160,555,4076,1198
203783,1679,23726,113
472371,612,32072,2632
4020,4609,4439,2
1096632,18413,27182,4508
1398031,2380,32485,620
38900,7152,37239,221
275660,669,175516,8436
1020,488,1966,0
3692316,406,1262628,26128
2782,2391,17734,5
473052,1433,96949,3416
21879,849,3345,75
34178145,48,8198,39076
2771568,3782,8044,7895
3343927,10480,257224,25474
494968,499,8711,2080
7731693,1705,385737,30979
81977,17,4317,639
15809371,6826,318198,104352
2707119,1460,7530,23051
186298,95911,118748,980
4222837,675,147928,2912
2789363,966,18894,8322
319048,463,79919,2526
177336,85636,257794,230
1457016,2024,161481,16049
13736859,369,273678,48187
25160867,1218,853693,133989
147427,68172,97345,472
75177,5541,43376,1793
1375147,1026,382353,22889
17475825,488,384868,65507
5342376,199,162539,3516
8621913,590,335401,55929
92368,31821,105727,31
1660590,375,617234,2922
71397,5177,121784,746
58079739,1104,373314,154346
4915143,3,56666,21727
13098,2645,12005,233
124414,4325,36929,1719
9040728,625,73101,8862
361765,113,4820,3568
708700,1070,46703,7868
19160077,1714,426917,106519
1691845,5717,269095,18729
1138712,13795,65651,7027
708754,1070,46703,7869
167197,10771,13674,546
95543,1610,87477,1999
14953,951,140100,735
40946,10387,23007,442
200969,2727,30560,1586
971378,65200,333071,3195
1501970,646,24311,12869
56757,16275,81249,619
882805,585,54709,3975
97947,1257,98171,1311
1429923,418,42580,512
49936,23983,8801,506
1405122,6798,347230,9398
9273,2277,22053,132
4386879,2545,16056,17252
58079744,1104,373314,154346
772789,8937,76666,2066
257895,1852,86841,4899
6758,1181,9378,53
97381,2783,339960,2507
389057,50403,64372,5653
507236,1219,69223,7100
877326,1690,45325,5032
2177876,24,25378,2546
17103,44,7167,347
5407946,875,15192,13104
3325,1033,14867,114
2551121,4460,35134,8546
260480,2147,79505,3209
3697443,413,709481,35368
15658,209,2340,111
3933856,7058,432799,35576
601179,784,9950,9102
7769289,23,522612,30026
36720,811,10411,154
9103564,1857,338239,50542
39083,89,84353,778
1761276,195425,51377,5236
59750,3209,23862,462
135073,585,80435,523
2522530,1535,248815,8503
9103564,1857,338239,50542
3411020,24094,22784,14496
9103565,1857,338239,50542
1218975,27636,239151,5007
24260,94,62059,552
2730779,212,2970,2362
2575442,775,375695,8398
5040908,29,3603,772
10623871,4623,19579,51616
1565381,3117,8645,7338
711473,5507,21436,4936
588748,110,92920,1030
716731,5517,50855,7263
2795715,814,55788,12031
11247890,1752,69345,35078
11010571,39,5160,36532
140621,6777,11898,1169
1761303,195442,51377,5239
301362,351,602865,4047
52927416,877,471442,215313
1314561,445,4020,3457
25160875,1218,853693,133989
4902,1658,24771,69
8621916,590,335401,55929
189894,1101,9366,2041
4365728,296,1014723,29069
205815,261,766,323
204559,150,91506,5625
61546,7979,51339,181
8930977,67768,230458,70165
3933857,7058,432800,35576
7406263,430,13029,24644
28790,3789,29451,273
2431053,1490,159488,21258
425183,204,18556,1415
1485578,250,28035,3403
177742,12728,202998,1205
2117017,62,18915,8191
183733,135641,133940,330
4365729,296,1014723,29069
25160875,1218,853694,133989
1691910,5717,269094,18727
50524,1039,18954,278
550670,460,97934,4008
657419,1593,69185,10064
1158725,630,7083,2190
1691,2612,26188,29
92000213,114,17742,94967
60902,1004,54371,2040
36490387,18,345836,131149
25556306,11,24081,18000
8476,1655,6313,79
10220588,1558,18151,23728
596075,38046,11605,385
451202,1549,51742,1008
1691845,5717,269095,18729
19839806,1065,371722,125454
1128204,1784,23420,3795
3343848,10480,257224,25474
124716,157,67280,2583
5531,1414,105861,220
11266,6158,102680,112
16069,2540,108879,252
1685328,692,3483,7451
603087,2396,71482,1458
1319308,791,81149,9476
3692313,406,1262630,26128
18334,120,32780,198
380698,2953,17472,1534
5843705,10,18669,20183
11486125,720,153467,19902
246780,2887,33463,1155
3837509,549,15835,14145
320786,12618,111640,2371
1212269,424,77955,5470
1283845,586,37916,7317
1460260,527,21144,14716
227817,2049,47459,6962
9814658,21,11055,1333
3359847,1047,89859,21327
61173,3944,38039,1284
25556160,11,24081,18003
470081,254,72266,2399
133972,4705,24533,1346
4153510,170,645472,1928
4365800,296,1014723,29072
274527,1629,102350,3936
47592,2580,527,76
1283844,586,37916,7320
62231,45,81444,170
1660595,375,617234,2922
4410759,698,239040,6677
230520,3929,292175,4957
192179,7737,11801,4537
1613377,482,251127,916
13907728,93,491767,48741
301421,5189,30650,730
593029,3273,33195,6576
76389,244,25942,1401
2802,1014,120,27
41920,1677,62801,242
1375176,1026,382352,22889
22441,718,81722,466
1283845,586,37916,7317
95326,73932,102418,92
18954972,8,4076,24114
301422,5220,30650,731
3411022,24094,22784,14496
5093192,2193,522421,3227
399694,894,12822,2032
6878,4524,37180,188
25556160,11,24081,18003
1999029,3261,51365,21544
440435,3536,20431,5083
1926183,116,48267,951
237629,6374,124538,1332
54028,2719,16036,1369
7770704,240,304783,55981
627157,993,112570,8342
2488253,1070,21459,8522
399694,894,12822,2032
15809387,6826,318198,104352
3411022,24094,22784,14496
315590,569,80594,1603
39641,6061,19047,388
1319308,791,81149,9476
462586,2195,24252,1551
971382,65200,333074,3195
89176,7234,75298,2320
3143,4260,25318,101
95141,554,110036,188
10623873,4623,19579,51616
3762315,1,122714,4976
5120,2063,27680,158
4412128,459,5725,10313
3281255,1,87396,661
1367365,5996,40340,4523
9462,1543,6790,327
1270122,7912,41907,9199
7769300,23,522612,30026
72548,880,4078,95
7769300,23,522612,30026
12527514,39,397734,4935
10473654,1060,746374,69132
2661291,2396,23723,5868
35820,2760,202728,147
204503,3829,378948,1600
1270100,7912,41907,9197
73899,5205,255451,306
3262488,875,12057,1608
25556307,11,24081,18000
882050,7526,362486,7233
544460,2192,200287,2721
23311,2927,36377,223
1485586,250,28036,3403
163913,1844,44407,2364
1319308,791,81149,9476
867652,5959,10051,6715
69471,674,3234,860
711473,5507,21436,4936
2035429,254,75977,5623
19839927,1065,371722,125459
4365732,296,1014724,29069
524919,7530,39489,4136
111399,1953,59661,1657
2934018,1618,49409,11708
89180,7234,75298,2320
223551,7700,20096,810
4386882,2545,16056,17252
1541247,951,12461,5169
22,66,871,0
2147586,1084,206143,30864
17475776,488,384868,65507
99887,5612,141975,1499
455792,1487,94296,3987
5843716,10,18669,20183
1405132,6798,347230,9398
403428,2456,67420,2366
172888,300,46463,315
1550631,71,18948,3615
43453,32849,367505,114
8621923,590,335401,55929
2771605,3782,8044,7895
176023,119304,444497,184
130280,2134,29017,529
398248,1806,283810,3399
270364,98595,47685,1363
15674,981,106984,315
99887,5612,141975,1499
5908421,300,17915,22470
306854,1079,71440,1067
198621,758,43194,3677
68466,3322,198315,1700
8339,2917,8375,64
267175,4811,55933,2321
78663387,2431,32747,28631
52927482,877,471442,215313
25556161,11,24081,18003
963,1808,1513,8
738217,1466,103565,6402
1128203,1784,23420,3795
17475780,488,384868,65507
756117,438,39852,4095
56445,3168,23551,729
2431465,616,30298,8174
290121,1583,352264,3149
768321,711,150750,6518
58079835,1104,373314,154346
8350732,1061,975330,8226
25556306,11,24081,18000
2355756,5045,41393,13748
1074180,88747,305347,4634
23099,7365,55944,493
1590803,110,158956,9296
8350733,1061,975330,8226
1319310,791,81149,9476
2707119,1460,7530,23051
3754039,226,455256,10757
2431465,616,30298,8174
166584,744,121969,1117
686966,886,39338,2177
52927488,877,471442,215313
550675,460,97934,4008
3623498,6829,76021,33779
31472697,960,13382,42406
11395,3507,15890,324
1177015,209,3242,5689
28387,713,4350,535
2229612,0,11211,13166
137150,1333,28112,238
119757,722,58706,1175
147430,68172,97346,472
470926,737,3049,3186
1270122,7912,41907,9199
106901,2062,22933,209
582306,2006,14535,3260
64137,55966,37293,55
821156,1400,118111,4334
219198,3350,7259,1054
58079853,1104,373314,154346
3343927,10480,257224,25474
1221815,1637,109939,11150
5843648,10,18669,20178
935401,554,96608,18115
539076,17492,157493,2915
176541,4904,103950,1279
58079856,1104,373315,154346
58079858,1104,373315,154346
1824475,5010,17110,590
1283845,586,37916,7317
533217,903,237405,1155
4702698,790,278970,30207
1761306,195444,51377,5239
397954,3115,19753,3311
237632,6374,124539,1332
87900,1033,66157,1141
152560,4293,63428,851
4192060,431,50825,13878
882050,7526,362487,7233
237632,6374,124539,1332
774372,120439,121978,3293
1691847,5717,269095,18729
3163309,973,14604,17867
2551128,4460,35134,8546
7769304,23,522611,30026
68253,543,77432,1529
8621924,590,335402,55929
43240,98,17541,220
25160904,1218,853696,133989
1761306,195444,51377,5239
3759360,932,432801,9516
774372,120439,121978,3293
10623875,4623,19579,51616
31197,31189,30891,54
1246500,802,81925,7322
1044764,1062,375844,1730
74238,3853,23216,714
900366,17,115213,9960
78852,2832,18780,950
81315,4054,48213,1897
738217,1466,103565,6402
738217,1466,103565,6402
2789365,966,18894,8322
3579,1093,22854,59
319495,2602,315222,3253
4915149,3,56666,21727
2044,941,11770,81
36490465,18,345837,131149
19160100,1714,426917,106519
23580,3885,11366,1009
475326,479,7091,1951
58079872,1104,373315,154346
31472254,960,13382,42407
177836,1365,413700,2867
1074180,88747,305347,4634
1340936,4123,913121,6819
768320,711,150751,6518
867167,483,24690,2566
8930961,67769,230458,70165
58079876,1104,373315,154346
21339,896,13779,239
25160908,1218,853696,133989
68291,149,16681,217
223551,7700,20096,810
3329179,1296,262846,15681
1212269,424,77955,5470
10495,1006,10020,163
361566,1250,65657,2064
1071409,1579,16342,5957
650182,2352,151768,2090
1455384,3474,53775,4044
1455392,3474,53775,4044
10623876,4623,19579,51616
349457,3789,78829,5312
556573,723,177042,2580
183733,135641,133940,330
164226,35031,250090,207
6587,988,50302,86
226630,35,66160,4965
29616,2258,33838,306
274531,1629,102350,3936
52926755,877,471443,215314
2464038,3080,16157,7078
2934049,1618,49409,11708
4365751,296,1014725,29069
22866,985,7089,167
58079985,1104,373315,154346
13736732,369,273678,48187
336045,2461,145347,8711
286162,11987,204197,2931
10244417,372,798180,5853
25556158,11,24081,18003
472372,612,32072,2632
2431054,1490,159488,21254
179884,3320,33794,2215
127757,13345,128827,440
26284,923,58563,586
3963,3952,19172,5
3143998,33,6901,7245
738149,1466,103565,6402
6379164,4568,28476,32696
1842847,675,121936,17397
182256,1115,79739,2462
2147548,1084,206143,30862
81306,4055,48213,1897
2028371,1183,352324,13294
935431,554,96608,18117
5878892,59,14497,11673
4061478,1035,7225,8388
425732,641,22838,3489
5149191,5393,36752,15307
549557,1626,25457,308
6265,2707,9280,241
21101,2443,39827,291
2478,1152,59989,9
1600294,523,263540,1047
1128207,1784,23420,3795
1708637,296,543119,2077
581960,1969,10528,5158
297506,56377,111000,5498
284436,1553,255058,1388
237635,6374,124540,1333
1270122,7912,41907,9196
935581,17,121571,8191
2789344,966,18894,8320
719400,1689,99399,5415
10274,8945,80931,73
4702707,790,278970,30207
2755126,1890,14346,8101
36490071,18,345837,131149
788749,2807,14197,3446
156863,2965,3844,3181
2844724,6,28018,10299
18434,16542,36702,28
4192103,431,50825,13878
641366,541,41998,11822
123279,23219,98282,203
111399,1953,59661,1657
171340,3689,81570,2048
719400,1689,99399,5415
58080004,1104,373315,154346
4365753,296,1014726,29069
175511,4335,4568,933
917957,45117,123087,2906
1042191,162,4793,7057
2688045,481,18801,6316
126950,1463,31855,1060
962991,3267,179528,5735
361512,2088,27237,2295
102293,684,23931,499
756920,12526,31024,1074
2037,1963,65061,16
554463,355,81501,1622
236586,9051,34212,2298
131799,1797,22100,2100
4381600,338,211870,21974
40027793,734,134212,44422
152566,4293,63428,851
2743035,1290,238731,9882
426123,3000,47427,1256
195882,4902,39332,1182
166814,1979,28787,1551
595910,1392,32849,1359
1340941,4123,913122,6819
1074126,88745,305347,4634
4822276,565,183816,5536
2355760,5045,41393,13748
3411025,24094,22784,14496
4412164,459,5725,10313
1861869,989,80018,21336
1521287,542,444811,580
100218,266,7017,1365
97991,28603,116048,149
413177,2361,78908,139
3623437,6828,76021,33780
502581,1592,102855,696
52926785,877,471443,215314
296934,1252,11960,2637
8930604,67764,230459,70166
15211,1845,11851,189
8350754,1061,975332,8226
3343928,10480,257224,25474
455780,1487,94296,3986
69080,2053,23464,2138
7406082,430,13029,24651
1485614,250,28036,3403
971393,65200,333074,3195
470909,737,3049,3187
6259599,670,775474,8854
391134,5712,476274,406
85846,1201,55217,1267
7965319,2027,148057,17276
502888,487,99687,5103
25556156,11,24081,18003
33631,1701,13474,754
2377548,2,5803,4789
739,17,6,16
63059223,121,77789,193061
32046,9521,5362,797
491020,921,163514,4240
2355575,5045,41393,13746
2551140,4460,35134,8546
25160965,1218,853698,133990
422363,1112,36183,1003
10244418,372,798180,5853
17931,14273,97861,31
82378,245,8839,2638
58080034,1104,373315,154346
47466,2091,149236,736
111399,1953,59661,1657
4634631,1628,361493,43601
1319311,791,81149,9476
2431370,616,30298,8171
456753,2466,97517,10059
3542744,567,305323,37388
68930,1014,210400,1617
455733,1487,94296,3987
2934071,1618,49409,11711
87284,2697,7258,1010
157889,3368,148383,3942
10220620,1558,18151,23725
176031,119308,444501,184
19839864,1065,371723,125454
451205,1549,51742,1008
1270124,7912,41907,9196
2789344,966,18894,8320
371296,80,32161,6300
175712,5554,85422,1197
3411163,24095,22784,14494
14182,1499,63351,515
7879,6981,14897,170
1591685,488,14291,15361
318343,3770,165422,6422
721019,12767,11119,6195
1319311,791,81149,9476
61560,3415,113709,446
38141,1159,19152,542
19159923,1713,426918,106535
64053,4450,31400,512
34178362,48,8198,39076
719436,1689,99399,5413
19025993,523,392543,105845
456753,2466,97517,10059
268118,6043,182191,4854
751132,600,57269,4736
1492878,680,29564,15087
1158792,629,7083,2190
168719,5168,26401,1055
1691845,5717,269095,18729
19905,1932,9434,138
23577,7459,23499,593
7769328,23,522611,30026
940295,250951,21211,2592
10623933,4623,19579,51615
52926803,877,471443,215314
184272,2294,221094,1674
88778,998,13609,53
115436,10754,123036,633
788750,2807,14197,3446
6312387,2924,307496,21117
1660620,375,617235,2922
455926,3571,103752,4044
1949770,1699,100546,8215
2660261,10994,470423,20730
52927281,877,471443,215309
2177888,24,25378,2546
253275,1225,54364,2882
49936,23983,8801,506
1420861,4768,207101,11910
90931,48,5385,55
309060,1502,93718,12366
3141922,865,6618,12133
55117,2719,58318,302
4365757,296,1014727,29069
5878895,59,14497,11672
4153543,170,645485,1929
882031,7527,362487,7231
1943150,1182,19389,5083
245881,225255,228273,2726
4263101,216,369740,29733
3143998,33,6901,7245
24958,3996,77891,1128
4634593,1628,361493,43605
157309,8007,4444,77
61732828,0,15008,87697
553375,1192,37999,6502
1236944,353,101102,7551
114134,473,22354,180
2377572,2,5803,4789
2743035,1290,238731,9882
31472278,960,13383,42406
12804772,6,7380,16041
1546945,513,41116,2231
596075,38046,11605,385
4192128,431,50825,13878
23972,114,429,8
457167,1135,75640,2577
147248,965,257845,1225
57808,14169,41119,252
628069,6245,57921,6719
2934079,1618,49409,11711
47853,724,30751,34
4915148,3,56667,21728
2833,401,3168,138
10220579,1558,18151,23725
4381607,338,211870,21974
386721,196183,64107,1109
2707119,1460,7530,23051
58080064,1104,373315,154346
2897861,47,4150,7314
686115,1003,5190,3795
7256,188,116981,82
1215507,36945,103177,6628
204086,33859,46834,4792
117590,4037,191527,2146
1747268,98,376577,636
9103590,1857,338240,50542
14411554,458,765745,12660
58080067,1104,373315,154346
4741872,912,374620,37014
18386425,3,229753,4481
627159,993,112571,8342
52926822,877,471443,215314
1761314,195444,51377,5239
58079990,1104,373315,154337
13736927,369,273678,48187
42609,2971,399034,80
461702,2710,73853,734
210220,292,227543,1512
123515,45038,25189,591
159434,2857,46481,863
15570515,1471,20634,23990
58080069,1104,373315,154346
686990,886,39338,2177
708752,1070,46704,7869
52926824,877,471444,215314
455780,1487,94296,3986
3933875,7058,432804,35574
635308,1577,109058,4123
513631,29987,227083,2236
1703,901,21742,3
17429,1524,24803,150
4381688,338,211870,21971
475334,479,7091,1951
1340941,4123,913122,6818
25556153,11,24081,18003
182254,1115,79739,2462
251,457,704,5
74521,1794,10728,455
19160119,1714,426918,106520
27875,27516,58079,23
783670,81,1598,302
347202,669,39309,2263
1158797,629,7083,2190
211068,129,7585,763
112718,2020,54941,625
6488234,4315,286270,23751
1883521,535,213160,5361
177332,85634,257794,230
157868,2022,24545,1413
4061476,1035,7225,8388
71317,1405,33063,602
59445,26803,66850,90
2027665,1537,67442,10819
4381609,338,211870,21974
257897,1852,86841,4899
772743,8937,76666,2067
19679380,732,16523,26802
5878893,59,14497,11672
3051092,1693,21008,7891
756117,438,39852,4095
1274827,788,15937,6277
150101,493,280183,2652
389065,50403,64372,5655
1691844,5717,269095,18729
194493,2527,215658,1679
65219,43708,19281,43
344,71,1965,0
25556153,11,24081,18003
4628976,98,22538,36434
670537,1057,118263,6746
3411029,24094,22784,14496
513374,51,3659,2147
444859,784,221439,6075
1564853,1424,19496,7276
1769120,1264,13066,3932
1590824,110,158956,9296
63059253,121,77789,193061
2355760,5045,41393,13748
9103593,1857,338240,50538
124371,745,56631,312
204484,3829,378957,1600
4365760,296,1014728,29069
85833,1418,12101,1676
127916,1474,15274,2538
7769339,23,522612,30026
377140,811,262415,7779
6726,3914,18518,239
21638550,262,466884,71700
2336097,583,646287,2991
10473539,1060,746378,69132
72356135,119,35446,72600
2541626,352,401780,1600
209878,1599,21203,2267
539078,17492,157493,2915
2660170,10993,470423,20729
659235,6,135,135
1179433,488,256608,6315
206857,146,25541,2426
4192069,431,50825,13872
798477,1575,69154,3160
387326,3878,18237,1347
2262765,968,19076,13696
176674,1129,27135,2889
2522515,1535,248816,8505
95675,173,48309,1762
4365760,296,1014728,29069
730205,29333,203933,5436
1074127,88746,305347,4634
28781,2339,11439,747
181533,3635,19040,739
2743034,1290,238732,9882
186613,5506,18164,1852
95148,1898,90378,1530
2326917,608,297149,26572
131798,1797,22100,2100
593032,3273,33195,6576
89177,7234,75300,2320
1362,681,48921,1
2789343,966,18894,8320
52851,42351,96575,229
230503,3929,292177,4958
4365760,296,1014728,29069
4655176,1044,113865,9150
52926847,877,471445,215314
8350710,1061,975332,8226
58080100,1104,373315,154346
738149,1466,103568,6402
1452635,2571,11068,5781
451205,1549,51742,1008
4386901,2545,16056,17252
183590,130489,45443,241
1787183,569,14324,9270
4702713,790,278970,30207
705982,971,8342,2781
9103593,1857,338240,50538
21638560,262,466884,71700
2263243,1973,65969,982
2488264,1070,21459,8522
5843740,10,18669,20183
78108,790,18951,1436
268302,885,268600,1315
49397,673,2696,105
55706,10372,294265,44
10473541,1060,746379,69132
522335,226,141467,9687
258980,13814,22221,1535
81718,887,27896,589
19160125,1714,426918,106520
274531,1629,102350,3936
2124,973,3644,6
15570772,1471,20634,23992
422206,993,9470,891
333781,2134,5540,796
940294,250951,21212,2592
264766,1800,478006,3043
19160123,1714,426918,106520
716637,5516,50855,7263
6673751,142,6919,15371
66105,1225,73484,608
1540409,53,22252,3005
3141924,865,6618,12133
3343929,10480,257224,25474
8081,34,17705,153
6256,1063,15769,59
2551144,4460,35134,8546
971400,65200,333075,3196
127757,13345,128827,440
36976,1492,30762,341
58080115,1104,373315,154346
45447,998,8051,1008
3933879,7058,432807,35574
8621961,590,335406,55927
301427,5220,30650,731
871709,4314,208103,785
147426,68169,97346,472
1949772,1699,100546,8215
1375163,1026,382355,22889
101845,300,35889,341
11247775,1752,69345,35078
2934103,1618,49409,11708
721911,10820,64185,8458
8621967,590,335406,55927
140539,2667,9030,644
58080179,1104,373315,154346
17682,354,13600,228
58080209,1104,373315,154346
4634590,1628,361493,43605
79897,3713,20563,1119
180314,1920,70553,3205
3785,3267,12626,8
378142,10380,59591,1103
99887,5612,141975,1499
59750,3209,23862,462
1283849,586,37916,7317
444860,784,221439,6075
25556154,11,24081,18003
2743035,1290,238732,9882
4381696,338,211870,21971
4365767,296,1014731,29070
42260,87,5655,96
4365767,296,1014731,29070
3411042,24094,22784,14496
195900,4902,39332,1182
856592,1557,48527,10603
854076,8135,10668,2502
587383,1494,55512,1104
177332,85634,257794,230
11090,1422,40924,142
600513,1659,32844,1079
3542712,567,305324,37390
345721,1896,135679,4668
52926940,877,471446,215315
10623880,4623,19579,51616
58080145,1104,373315,154337
1691843,5717,269095,18728
136672,874,17194,2006
10473555,1060,746379,69132
58080222,1104,373315,154346
39396,4665,28062,1388
52926942,877,471446,215315
774376,120439,121980,3293
150891,8531,195627,740
25160650,1218,853707,133990
1293113,880,26008,5978
14403,596,9692,341
4192186,431,50825,13878
588737,110,92921,1030
6919440,0,557735,6103
1639805,764,9596,4554
757908,1426,7815,2987
337,653,7932,1
280931,252,19927,1828
278836,378,36476,2218
18387,19239,248362,176
89090,868,28250,654
393463,6062,13739,2730
3411043,24094,22784,14496
1890874,382,2779,2012
54,521,4929,0
75780,3454,81511,550
451205,1549,51743,1008
122865,59415,85503,146
116810,2131,19644,765
721911,10820,64185,8458
1421,258,374,12
140381,413,286850,923
22617,1121,9011,335
19160129,1714,426918,106520
128827,153,9716,496
1028611,1008,88553,13216
2844779,6,28018,10299
4192122,431,50825,13872
588739,110,92921,1030
4915149,3,56667,21728
2660302,10994,470427,20730
4365769,296,1014731,29070
58080232,1104,373315,154346
8462,999,24295,209
2903,897,4456,82
25556153,11,24081,18004
58080156,1104,373315,154337
582373,2006,14536,3260
2743036,1290,238732,9882
4365839,296,1014731,29073
9596252,1079,28776,35870
6919441,0,557735,6103
19160130,1714,426918,106520
1319320,791,81149,9476
57708,1974,40958,1290
1274970,1550,240777,9161
167223,3285,70062,3042
19160130,1714,426918,106520
492786,2108,149400,6343
160249,535,122382,3403
498778,969,17017,2055
3343929,10480,257224,25474
1949782,1699,100547,8215
7071,2386,2491,51
428041,19587,212200,499
1231120,445,5120,4120
963003,3267,179533,5735
3638226,409,901206,4732
1319288,791,81149,9475
1660637,375,617235,2922
395586,178,13087,2122
882038,7527,362488,7231
142818,8912,60273,4391
1873,1421,86637,34
32143,9515,166378,1128
1941401,1336,26732,8546
9414,8629,55167,84
159436,2857,46481,863
420224,2155,182426,1624
25160657,1218,853708,133990
4386916,2545,16056,17248
50446,1435,106628,1537
3077,1482,20673,101
167195,10770,13674,546
2743036,1290,238732,9882
4365770,296,1014732,29070
20585947,279,6158,4569
882070,7526,362488,7233
154942,67331,100992,359
4381618,338,211870,21974
210220,292,227543,1512
30119,13207,357634,57
371321,489,18588,5014
26637559,143,305020,120773
3692308,406,1262639,26126
184411,2490,17776,2624
10623882,4623,19579,51617
134612,915,5655,686
254366,535,34237,1651
51700,534,25751,1220
509120,3664,211476,3907
738157,1466,103568,6402
10623882,4623,19579,51617
1688084,337,1638,2432
304499,3958,69448,2651
31472746,960,13383,42405
362091,2350,28872,5236
227281,198,19192,1483
2431368,616,30298,8171
3497,975,52804,54
9596254,1079,28776,35870
452430,420,14055,326
934203,1159,15258,3445
7769363,23,522616,30026
482135,2095,102501,685
122457,5695,285157,1223
2795714,814,55788,12031
1293141,880,26009,5979
105050,529,4425,566
1074134,88746,305347,4634
1193931,4259,146138,7226
10473557,1060,746380,69132
52927446,877,471446,215310
762400,301,271984,3711
1367394,5996,40340,4523
457053,4766,166167,323
4365774,296,1014732,29070
1283704,586,37916,7320
59448,26804,66850,90
7769366,23,522616,30026
8931000,67768,230459,70166
74239,3853,23216,714
4634595,1628,361493,43605
614971,723,219782,2213
51455,3285,134825,794
21638724,262,466885,71700
1179411,488,256608,6315
882042,7527,362488,7231
46056,718,432,376
867168,483,24691,2566
941701,483,123052,4182
481372,239,8290,637
1157203,652,36121,574
58080261,1104,373315,154346
1340943,4123,913123,6818
6673755,142,6919,15371
3359580,1047,89862,21326
1419421,745,184066,1823
159700,7107,239599,1402
2743035,1290,238732,9882
176651,1129,27135,2890
147428,68167,97346,472
2355495,5045,41393,13749
310186,4076,14237,4121
628135,6245,57920,6718
237133,340,79401,5667
25063,5417,154633,719
50012962,3,37975,146708
330529,1791,22795,2614
17475834,488,384869,65507
25556156,11,24081,18004
96088,90177,284444,45
1270125,7912,41907,9198
58080189,1104,373315,154337
768333,711,150753,6514
935584,17,121571,8191
940300,250951,21213,2592
332035,9726,161237,6359
118457,466,5969,900
112892,99589,32502,198
237639,6374,124544,1332
1138703,13796,65651,7027
38036,1657,90067,265
58844,560,19982,404
621768,3592,161845,622
58080190,1104,373315,154337
10585501,20,95967,17607
204428,3829,378974,1600
63059346,121,77789,193061
13736969,369,273678,48187
223550,7700,20096,810
425196,1263,22055,2412
97336,8166,16792,454
180314,1920,70553,3205
1319321,791,81149,9476
34177097,48,8198,39074
1175648,129,515797,6374
486,483,10990,0
642197,1724,68206,7132
63059349,121,77789,193061
222305,901,40149,893
550683,460,97934,4008
3411049,24094,22784,14496
13034,12875,131737,245
3095564,686,419441,21672
52927474,877,471446,215310
139185,1,1933,257
63059352,121,77789,193061
25556156,11,24081,18004
1485657,250,28036,3403
8931001,67768,230459,70166
1232587,266,351574,481
18962,2339,2695,129
81306,4055,48213,1897
4933,1577,115329,16
11729,5776,167224,135
8621975,590,335406,55927
7769370,23,522616,30026
69863,4992,49054,1773
8930618,67764,230459,70166
176030,119304,444513,184
1105880,2588,21686,3777
386408,2529,43121,2178
1540441,53,22252,3005
10473561,1060,746381,69132
156562,47,9016,556
315368,39399,50269,934
19087,1803,32862,418
971416,65200,333076,3196
17523,15179,10698,5
2789344,966,18895,8321
120878,2393,39795,2486
309070,7336,14619,2041
2256033,73,37418,12533
4192225,431,50825,13878
4192155,431,50825,13872
204882,1361,39748,1200
34178546,48,8198,39076
8621974,590,335406,55927
138107,2248,37450,2432
9103613,1857,338240,50538
3144007,33,6901,7245
647290,2033,63117,2697
27787,1938,64539,1022
1166536,1074,45805,12479
369065,5662,13169,2619
8505,1706,10966,5
92939,2217,51964,572
23624,2895,9598,993
88,51,225,1
435411,2672,8516,2947
730184,29332,203934,5437
425170,204,18557,1415
730200,29333,203934,5436
92939,2217,51964,572
98072,2576,140759,1122
539079,17492,157493,2915
34178547,48,8198,39076
1077396,250,27203,6214
2185587,1996,12519,1769
129609,670,47582,277
5049729,33,219775,765
16489,2137,5523,346
986731,7500,47086,8152
1231169,445,5120,4121
12505044,2324,23196,27805
58080302,1104,373315,154346
19159946,1713,426918,106522
25556301,11,24081,18001
233526,242,6909,2154
425196,1263,22055,2412
131261,1772,25027,3269
550686,460,97934,4008
79271,1219,113697,1889
247456,56433,66819,1331
17475841,488,384869,65506
4365780,296,1014733,29070
3692308,406,1262641,26126
194517,2527,215658,1679
38265,554,7709,855
160458,4155,17963,2320
25160694,1218,853709,133990
29963,28719,16226,38
488180,5998,22508,1909
53370,1506,35137,726
41541,7468,54124,576
1660639,375,617235,2922
178844,129,11622,1170
1429923,418,42580,512
3531,1557,10683,10
550686,460,97934,4008
13700,609,3066,104
270935,8261,108920,1535
4702737,790,278970,30206
2419,4920,30013,19
318304,3770,165423,6422
9836,5460,26470,4
17380,5134,9918,462
1274569,794,41805,7729
1445424,3637,356237,2213
11358991,5585,600208,82371
1247294,849,3447,3109
25556301,11,24081,18001
1871,3406,20842,2
5909627,565,12458,18148
17475844,488,384869,65506
7769414,23,522617,30022
12201,3915,11031,192
730201,29333,203934,5436
1405168,6798,347232,9398
21638778,262,466887,71700
164615,4805,130319,2363
7769375,23,522617,30026
89177,7234,75300,2320
1782365,943,129113,7796
164547,5227,57081,4402
33196,10,1688,187
63059377,121,77789,193061
2743035,1290,238738,9882
357299,1177,172419,2879
18025,2435,13548,425
2229667,0,11211,13163
492786,2108,149400,6343
1286883,193,6542,2691
25556156,11,24081,18004
19160146,1714,426918,106521
8111,1125,3254,351
8245695,1391,797189,66401
174214,1382,12147,1898
508114,2553,48586,2419
1420792,4768,207103,11910
109268,40908,21572,95
1319325,791,81149,9476
1546944,513,41116,2231
190573,1666,76428,4259
83726,4279,88773,1078
207503,4926,59194,2429
51369,8102,108861,211
58080245,1104,373316,154337
735710,5609,62995,4560
7769374,23,522617,30026
8621981,590,335409,55927
89408,920,280807,2425
377106,811,262416,7779
721854,10819,64185,8461
58080322,1104,373316,154346
415151,1069,78039,5843
318248,6746,123160,3422
324417,194,76439,2540
556787,4049,6699,1704
25160702,1218,853711,133990
44185,620,16239,217
19087,1803,32862,418
1660640,375,617235,2922
265562,4060,91247,2712
986819,7499,47086,8155
1564875,1426,19497,7276
6673756,142,6919,15371
941704,483,123052,4182
32929,955,9237,768
1319326,791,81149,9476
58080252,1104,373316,154337
40536,1190,22102,452
738171,1466,103568,6402
451193,1549,51743,1008
1564875,1426,19497,7276
41660,14417,107572,952
855276,355,51498,4809
34178576,48,8198,39076
361515,2088,27237,2295
3343854,10480,257225,25474
441264,1766,9802,1141
2036553,611,157799,20268
9103616,1857,338241,50538
19160148,1714,426919,106521
11358898,5586,600208,82372
318304,3770,165423,6422
409339,3282,50681,6635
3343854,10480,257226,25474
762351,301,271984,3711
5456,3999,18385,64
230502,3929,292181,4958
1074194,88750,305365,4632
4365857,296,1014736,29069
32639,3964,4868,207
36490431,18,345838,131154
5093425,2193,522426,3228
553378,1192,37999,6502
4365788,296,1014737,29070
93050,58272,20516,155
5973556,1905,41333,15688
20644,1468,13520,196
5909638,565,12458,18148
8350808,1061,975332,8227
1221690,1637,109939,11151
1232593,266,351578,481
7965341,2027,148059,17276
19160156,1714,426919,106521
25160741,1218,853712,133990
455787,1487,94298,3986
882090,7527,362489,7233
9425672,2738,467275,117608
5207657,768,848922,7562
556690,4049,6699,1704
36864,762,5318,463
25556300,11,24081,18001
1375169,1026,382356,22888
8769,3441,6798,62
1485682,250,28036,3403
165843,3649,70211,2426
4410804,698,239041,6678
5843818,10,18670,20184
369064,5662,13169,2619
1761300,195425,51377,5236
246781,2887,33463,1155
1420790,4768,207103,11910
118869,881,5510,1402
25556154,11,24081,18002
13644,5426,116708,4
358305,1199,113836,2662
1231186,445,5120,4121
17606,735,11194,106
867171,483,24691,2566
24949,1909,108941,809
739136,851,17271,2269
1926229,116,48267,951
333331,892,2474,1691
1590866,110,158957,9296
111386,1953,59661,1657
2286140,4501,39043,6449
1794,615,4750,5
642185,2728,42113,1553
14526,1130,20946,575
8477,2336,22761,334
711445,5507,21436,4936
230502,3929,292181,4958
4365788,296,1014737,29070
882091,7527,362489,7233
222769,9393,39164,3255
78663636,2431,32747,28632
1352993,470,355461,13238
1626603,9823,84850,853
940302,250951,21215,2592
738160,1466,103568,6402
25556154,11,24081,18002
773,1038,98533,15
1825595,3680,296834,14267
1319336,791,81149,9476
817827,782,374123,11145
58080430,1104,373316,154346
8869,2925,16827,132
19026032,523,392544,105845
986822,7499,47086,8155
7077694,515,9626,19893
1247296,849,3447,3109
7769390,23,522617,30026
3411061,24094,22784,14493
2844823,6,28018,10299
1982593,368,667324,8578
7513,1711,41969,43
336040,2461,145347,8710
867171,483,24691,2566
3692306,406,1262647,26126
4192209,431,50825,13872
4381629,338,211871,21974
19026032,523,392544,105845
2024,3196,2121,1
4365790,296,1014737,29070
667288,155,304794,5210
8621986,590,335409,55927
19680181,732,16523,26804
9596273,1079,28776,35870
2722526,2227,448869,13636
176661,1129,27135,2892
319003,463,79919,2526
58080439,1104,373316,154346
176295,249,6970,589
40475,114,2292,194
1452664,2571,11068,5781
5416635,59,5493,1894
9081,1145,6900,303
1761301,195425,51377,5236
1231188,445,5120,4121
9054008,398,137291,64350
1541277,951,12461,5169
106373,742,18272,1021
23443,550,10991,246
80878,3725,68089,1560
9596492,1079,28776,35871
126838,0,8930,332
917839,45110,123087,2904
58080446,1104,373316,154346
6919429,0,557736,6103
657414,1593,69186,10063
167195,10770,13674,546
615222,1875,141870,7884
1060910,474,188923,8369
5169,2660,199221,248
111386,1953,59661,1657
1274588,794,41805,7729
50013065,3,37975,146708
2431315,616,30298,8173
241698,6642,24689,1072
77364,1956,24441,292
28182,1067,23673,118
45708,43958,174197,11
623,729,4950,31
2430847,1490,159488,21254
218404,4169,25620,1624
647357,2033,63118,2699
141652,1813,6778,1220
963027,3267,179537,5735
68723,1807,12940,778
16803,1734,6773,697
2191328,79,799,6204
5843826,10,18670,20184
319003,463,79919,2525
1825,1165,1248,56
627126,993,112572,8342
567397,955,4358,4789
774278,120429,121980,3293
298336,557,95057,1863
171926,25,4258,611
588739,110,92922,1030
513633,29987,227085,2236
31918,2841,16717,822
222306,901,40149,893
832647,89819,44844,2924
2298980,5782,88779,7475
1221690,1637,109939,11151
98243,24183,27419,1212
369062,5662,13169,2620
50333,43860,301579,268
812171,13,85154,3278
123516,45038,25188,591
266096,2977,43813,1904
25160757,1218,853714,133991
1375168,1026,382356,22888
58080461,1104,373317,154346
7769396,23,522617,30026
21407,58,10856,13
2722528,2227,448870,13636
3666013,714,51736,3892
318304,3770,165423,6422
39508,4756,31087,820
738161,1466,103568,6402
27149,27836,65388,21
440435,3536,20431,5083
171339,3689,81570,2048
7248044,910,313582,46353
146351,2557,23156,2755
175194,3090,88949,1685
6118,396,18349,53
759412,1461,437287,3169
1691757,5717,269095,18729
1885207,680,22150,3750
63059439,121,77789,193053
4365792,296,1014738,29070
2795716,814,55788,12031
21638799,262,466888,71691
237646,6374,124544,1332
52927161,877,471447,215315
4809723,1236,150257,18915
4628978,98,22538,36435
470908,737,3049,3187
258514,1193,29401,2151
4717111,717,399896,5173
1405181,6798,347232,9398
1243,1444,3736,34
202965,1129,40898,1242
1764886,293,271460,19814
857327,245,248750,19384
1243601,997,20067,7578
492786,2108,149401,6343
1590870,110,158958,9296
76233,961,106287,1806
935401,554,96609,18111
22545,7162,27566,70
7331,26,3269,14
2087482,8643,58031,13750
15932,1735,35468,629
196197,155194,110231,2772
2263242,1973,65969,982
151526,1094,29481,1881
3623439,6828,76021,33780
1455488,3474,53776,4044
3638250,409,901206,4732
716627,5516,50855,7265
252719,4093,351735,1062
246785,2887,33463,1155
40377,6860,107223,267
290136,1583,352266,3148
17063979,14,937552,14165
2045,1587,33037,10
502,291,46976,6
14829,1315,10533,22
111386,1953,59661,1657
5069,4812,446193,3
19160171,1714,426919,106521
41198,36058,16027,88
54245,2711,20715,1241
426060,3000,47427,1256
1319339,791,81149,9476
11832,1185,6466,105
55886,883,4782,28
260374,688,9936,836
8621975,590,335409,55932
3411067,24094,22784,14493
5843835,10,18670,20184
1052266,123338,199070,6774
3623501,6829,76021,33778
8245730,1391,797196,66401
2575456,775,375698,8397
95324,73942,102437,92
13574,695,2188,62
461728,1494,52260,4758
125921,5455,247160,783
17515,1688,16143,315
257417,905,2285,3837
1564888,1426,19499,7276
2473859,115,19190,2976
867172,483,24691,2566
1873,1421,86637,34
1074197,88750,305374,4631
1243602,997,20067,7578
34177278,48,8198,39074
1324,293,182524,50
10220674,1558,18151,23725
388166,1934,119854,8022
117546,44625,37428,229
34178717,48,8198,39076
10406,753,64620,334
19839958,1065,371725,125454
41541,7468,54124,576
1642424,500,17875,6036
919271,529,80447,1950
455789,1487,94298,3986
15232,1011,15636,814
3542769,567,305324,37388
38060,4091,18332,993
7692,115,11104,29
3638252,409,901206,4732
807367,9351,89403,5610
3933987,7058,432815,35574
45021,3831,28094,827
58080495,1104,373317,154346
63059455,121,77789,193053
34088,3006,32068,1067
4634606,1628,361494,43606
867172,483,24691,2566
935589,17,121571,8191
508329,2674,115908,5090
738161,1466,103568,6402
29617,2258,33839,306
1270126,7912,41907,9198
23607473,775,9133,42537
58080500,1104,373317,154346
5651,2362,7313,102
4634606,1628,361494,43606
128631,14550,218607,133
127374,2591,168176,948
4702749,790,278970,30206
1026338,4035,20511,917
17,81,77,0
4365794,296,1014738,29070
38481,213,1612,193
3411069,24094,22784,14493
10473585,1060,746384,69132
1455491,3474,53776,4044
795167,7357,228163,14221
1707703,152,69165,7238
1455491,3474,53776,4044
90688,406,157075,592
9040743,625,73101,8862
63059459,121,77789,193053
211680,2442,50429,1862
5049729,33,219777,765
4381631,338,211871,21974
21109,2219,27277,410
377106,811,262418,7781
25160776,1218,853714,133991
1761331,195444,51377,5239
123317,203,11888,1759
3933919,7058,432815,35574
15923030,7,1369,11121
336034,2461,145347,8711
5149284,5392,36755,15302
10966,967,132784,54
627168,993,112573,8343
4365796,296,1014738,29070
2701436,658,13683,12538
1028611,1008,88554,13216
5611,2309,20711,223
582431,2006,14536,3259
25160776,1218,853714,133991
421798,1881,346383,8081
8245696,1391,797196,66402
5907603,929,377288,20034
266096,2977,43813,1904
270374,98593,47686,1363
1074199,88750,305374,4631
52927193,877,471447,215315
237652,6374,124544,1333
500691,661,164572,5643
2203,3420,19192,17
60907,1004,54371,2040
798506,1575,69156,3160
17103,44,7167,347
196197,155194,110231,2772
19839964,1065,371725,125454
1074199,88750,305374,4631
1033091,343,18839,2448
318340,3770,165423,6423
202951,1129,40898,1242
882100,7527,362491,7233
1457000,2024,161491,16050
606130,258,9248,3974
112497,3904,34405,1345
4915163,3,56667,21728
1529,552,11393,8
756905,12528,31024,1074
4634607,1628,361494,43606
95784,53210,73434,460
1926232,116,48267,951
4634607,1628,361494,43606
3055306,94857,105241,31886
5843845,10,18670,20184
1224,1736,23303,4
219788,1195,8013,55
163617,5,1896,722
5878910,59,14498,11672
211905,1267,287223,2450
209583,702,20976,758
32034,2153,12975,123
4153624,170,645490,1928
58080537,1104,373317,154346
8930634,67764,230460,70166
533832,8944,67048,1127
1179419,488,256611,6315
18066,351,2590,257
4702751,790,278970,30206
73777,1364,23473,606
91117,76,26666,153
1028612,1008,88554,13216
1535068,27,22828,960
420647,471,11286,2460
217715,3636,55005,1253
1691841,5717,269096,18730
425193,1263,22055,2412
369064,5662,13169,2619
149544,2063,215451,256
1179441,488,256611,6316
230520,3929,292181,4957
8621994,590,335410,55927
971433,65200,333077,3196
867172,483,24691,2566
262992,732,4784,2996
79527,5604,11808,345
821,1038,34934,0
25556153,11,24081,18002
22209,2390,12123,675
410479,1647,124211,766
3762322,1,122715,4976
111790,1991,163995,4252
2844855,6,28018,10299
34177407,48,8198,39076
3762322,1,122715,4976
2844855,6,28018,10299
162435,1485,75030,2669
533832,8944,67048,1127
2743032,1290,238740,9882
513635,29987,227085,2236
34177413,48,8198,39076
3051214,1693,21008,7889
1138698,13796,65651,7027
92010136,114,17743,94979
6919478,0,557736,6103
108590,2085,54000,2281
4365802,296,1014739,29070
12328,0,76674,1
58080557,1104,373317,154346
109,387,277,1
455791,1487,94298,3986
286143,16724,502472,269
7769387,23,522618,30022
4702752,790,278970,30206
553380,1192,37999,6502
2140930,109,4873,8386
10244417,372,798182,5852
1270126,7912,41907,9198
3411075,24094,22784,14493
5843848,10,18670,20184
64076,2568,34426,1567
721855,10819,64185,8461
36756,25806,79063,64
92940,2217,51964,572
5909658,565,12458,18148
525541,3576,14116,1057
7769413,23,522619,30026
52927306,877,471448,215302
4365812,296,1014740,29070
468267,1184,28707,597
4772,1183,5188,87
9029,1916,15874,209
2982853,182,208961,37803
3638253,409,901206,4729
6039777,244,1021822,6580
19159613,1713,426920,106521
7769416,23,522619,30026
917916,45112,123088,2904
4782217,37,1488,14033
218352,14053,227169,1663
941721,483,123054,4182
15809095,6826,318206,104354
2844876,6,28018,10300
1319344,791,81150,9475
2299099,5782,88781,7477
3141648,865,6618,12132
94754,113,60137,791
2586401,2900,17427,10894
163826,12272,176797,1900
175507,4335,4568,933
519220,468,36805,171
25282433,226,32747,7202
3234906,2895,20846,22911
1497633,667,84523,2471
867176,483,24692,2566
811689,6280,29664,8555
3144038,33,6901,7245
716484,498,5943,3101
56018,37,71082,223
27091,1229,77197,542
15657,209,2340,111
74848,5718,46473,1045
10623909,4623,19579,51615
2120618,1179,94372,7763
1027590,688,1791,202
971446,65200,333086,3196
1319344,791,81150,9475
20765,671,3642,382
25556150,11,24081,18002
5843842,10,18671,20176
2201409,411,4118,8664
4557,1273,52261,103
7769417,23,522619,30028
25556150,11,24081,18002
1136934,2548,233055,7787
3692247,406,1262654,26126
962947,3266,179537,5733
4365814,296,1014741,29070
588740,110,92922,1030
1319175,791,81150,9475
6420,1685,15077,65
387348,3878,18237,1347
4822481,565,183817,5538
8154882,1643,45143,17706
426334,1479,43232,104
20586089,279,6158,4569
4365814,296,1014741,29070
269336,2487,41385,3232
768269,252,12864,6421
940290,250915,21218,2591
73991,2011,54454,740
351643,39,149527,3913
664979,1326,44477,2274
3934000,7058,432817,35574
8350832,1061,975332,8227
515354,399,64635,324
351,417,14481,7
301440,5220,30651,731
456758,2466,97518,10059
390027,1968,46663,3202
10473604,1060,746385,69132
4634429,1628,361494,43603
1306974,205,188737,1034
662539,262,80055,7571
62292,550,21776,510
27975,7054,50246,357
700,36,353,0
3692247,406,1262654,26126
2844875,6,28018,10300
7345,463,38582,161
282842,1391,139153,1780
99888,5612,141980,1499
5907611,929,377289,20034
7109,1471,37628,102
6919485,0,557737,6103
7314,6383,69489,39
1319174,791,81150,9475
657415,1593,69187,10064
36490649,18,345838,131156
123046,5889,17328,1030
6259660,670,775474,8853
601428,49289,27797,3041
19159616,1713,426920,106521
19839989,1065,371726,125454
123518,45038,25187,591
10968050,27,176,3526
2844789,6,28018,10297
377106,811,262418,7781
3643,527,931,18
51818,48604,46130,36
5843879,10,18671,20184
109817,4846,9928,215
22357,56,162,165
23269,5050,39400,582
19159617,1713,426920,106521
627167,993,112574,8343
377104,811,262418,7779
58079810,1104,373317,154346
1010540,488,37710,922
148125,3961,10458,870
90133,7401,44800,1676
35540,2916,15045,394
54387,8398,6035,149
404775,1129,18206,911
8154902,1643,45143,17706
1055,410,49019,2
3343851,10480,257227,25473
441264,1766,9802,1141
568708,388,19797,4560
1319174,791,81150,9475
5843879,10,18671,20184
538131,1322,68250,6450
55047,1980,12437,388
163983,1154,20112,3521
128385,4319,6683,2024
1746018,222,3667,4839
4381589,338,211871,21971
387348,3878,18237,1347
17475890,488,384871,65506
378181,10380,59591,1102
8930646,67764,230460,70157
297479,56376,111001,5498
140011,11027,176750,3779
39389,148,71477,775
706074,971,8342,2781
867174,483,24692,2566
107172,63,107324,288
12494,1956,11347,445
2355582,5045,41393,13747
210336,608,59392,4211
71976,1196,59650,2185
247191,6655,349203,3358
2369555,8,38236,10568
3211744,92,17662,10669
10623422,4623,19579,51614
87178,505,4317,1596
592955,3273,33195,6578
281589,13149,48178,131
738162,1466,103568,6402
218352,14053,227169,1663
1728384,1219,154292,13756
32627,927,28295,232
177320,85626,257794,230
3141654,865,6618,12132
25556149,11,24081,18002
4702769,790,278970,30207
3343639,10480,257227,25475
425181,204,18557,1415
34177535,48,8198,39076
58079830,1104,373317,154347
6259662,670,775474,8853
25160894,1218,853718,133993
2743037,1290,238741,9882
1873,1421,86637,34
579159,2267,110515,2918
1074200,88750,305374,4631
533837,8944,67048,1127
6692,1314,18378,250
305924,5586,257348,3068
3406087,21,574084,64103
2812,2674,20645,91
4466,4982,219703,135
5062019,2793,11325,11719
83167,1665,25653,2084
1367417,5996,40341,4523
20799,475,22727,97
20124,1561,10523,84
4634620,1628,361494,43607
58079831,1104,373317,154347
670544,1057,118263,6746
425738,641,22838,3489
17393,6129,60239,647
1270126,7912,41907,9200
25160863,1218,853718,133992
1746021,222,3667,4839
46976,21099,33476,165
18834,2873,14620,705
50863,1972,54291,446
19159618,1713,426920,106522
2140935,109,4873,8386
2355582,5045,41393,13747
9516080,3552,60024,52534
1246546,802,81925,7319
1235911,2079,33574,6592
2488296,1070,21459,8520
512835,344,8906,4563
1221690,1637,109939,11149
58080649,1104,373317,154338
1429925,418,42580,512
115200,2751,31941,1104
143958,3901,64337,2914
31824,2019,29381,468
97121,860,98227,1302
8075,777,3266,33
127737,2179,37957,507
25556148,11,24081,18002
1845981,2969,10107,4815
4634431,1628,361494,43603
917840,45110,123089,2904
3623502,6829,76021,33778
4355953,328,178167,13074
5907612,929,377289,20034
204759,1062,14269,1564
553369,1192,37999,6502
123296,462,41869,198
96923,1142,13182,1621
1691843,5717,269096,18730
1158913,629,7083,2190
4365825,296,1014742,29070
116786,1750,6205,2252
38788,2047,11288,1176
10623913,4623,19579,51615
55066,1915,24904,409
25556148,11,24081,18002
278919,575,6711,490
550598,460,97934,4008
467590,1465,29998,2468
161365,2312,28190,3965
58080663,1104,373318,154338
270379,98593,47686,1363
1590899,110,158958,9297
395387,1165,6782,2188
378188,10380,59591,1102
34858,37760,169073,23
2551174,4460,35134,8546
103811,13635,84620,1584
155447,1813,19620,545
10473588,1060,746386,69135
328065,255668,13002,1196
79520,2246,12538,492
29877,17121,96331,5
13582,2366,5427,341
87448,497,8171,519
1746022,222,3667,4839
1590899,110,158958,9297
983177,1822,167319,3406
21002,1356,15062,422
72286,1,533,66
2844868,6,28018,10300
4575,1615,1711,5
34177558,48,8198,39076
2403156,119,117191,6967
25160869,1218,853718,133992
1761337,195444,51377,5239
2120879,2035,13812,8997
245889,225258,228279,2726
31472354,960,13384,42403
756078,1794,42956,4770
971452,65200,333088,3196
795168,7357,228164,14222
310662,292,35249,791
1599732,3053,4828,1996
4365827,296,1014742,29070
54028,2719,16036,1369
2788894,966,18895,8321
3638260,409,901206,4732
1761337,195444,51377,5239
1105887,2588,21686,3777
774282,120429,121982,3293
491030,920,163514,4239
1136937,2548,233055,7787
237116,1188,276535,2568
747315,53,43018,10198
10580,3973,6057,85
283728,1047,110331,1291
935590,17,121571,8191
4365827,296,1014742,29070
92012921,114,17743,94978
859183,1155,22023,3679
739661,29532,379237,3982
10244418,372,798181,5852
3692248,406,1262656,26126
1881,4996,13749,13
109817,4846,9928,215
237659,6374,124544,1332
3583666,2287,33578,10098
713155,3096,55468,6338
8621847,590,335412,55928
3762325,1,122715,4976
1270126,7912,41907,9200
3933936,7058,432819,35574
19679227,732,16523,26800
34177578,48,8198,39076
269331,2487,41385,3232
64045,59153,114499,114
10473592,1060,746386,69135
19026079,523,392544,105845
1761311,195425,51377,5236
59228,923,286041,543
468841,11109,47769,6556
1232613,266,351581,481
46005,3817,46858,1403
721856,10819,64186,8461
4702771,790,278971,30207
301442,5220,30651,731
1319175,791,81150,9475
1761339,195444,51377,5239
111609,81100,80901,130
21480,14483,116242,113
4915163,3,56667,21728
89607,2047,165904,812
940300,250947,21219,2592
10473615,1060,746386,69132
2117923,7368,194628,12676
293547,1324,10859,1219
550599,460,97934,4008
142482,999,86627,664
3144049,33,6901,7246
2233228,2181,39055,5368
655284,6442,68078,8209
977764,221,70568,3407
167193,10770,13674,546
19839832,1065,371727,125460
641,1208,14656,4
708654,1070,46704,7869
1028612,1008,88555,13216
34986,1156,87875,1487
280049,990,16186,734
19679230,732,16523,26800
2795721,814,55788,12031
8350841,1061,975334,8225
2844872,6,28018,10300
574792,534,30226,2632
602417,14878,290785,4748
815376,1464,37483,682
588740,110,92922,1030
1359025,358,9621,610
1198807,2850,74902,1363
1485764,250,28036,3403
174650,1597,30902,605
772843,8937,76666,2066
882109,7527,362493,7234
867177,483,24692,2566
275620,669,175523,8436
158361,5457,302988,942
4365830,296,1014742,29070
5149388,5394,36755,15307
176005,119305,444531,184
50113,31553,43073,22
494458,33452,58318,1175
8621854,590,335412,55928
165212,1398,57708,1330
3692248,406,1262656,26126
18272,1327,9044,165
210230,724,22310,1209
846801,29145,93910,3817
4365831,296,1014742,29070
549918,305,25187,2742
61310,50627,61925,80
1074201,88750,305374,4631
63058816,121,77789,193054
225594,33815,36503,737
176008,119305,444529,184
101604,4142,50250,2265
767644,7413,10430,4082
274348,279,30884,3241
7016,434,32424,16
550601,460,97934,4008
89181,7234,75303,2320
358306,1199,113836,2662
519318,58,108341,2884
2844876,6,28018,10300
2934274,1618,49410,11711
223562,7700,20097,810
1272,815,3408,1
198865,1292,146116,1363
301380,351,602879,4045
588740,110,92922,1030
2660349,10993,470444,20731
871742,4314,208110,785
10623319,4623,19579,51615
445389,7598,10979,6868
297480,56376,111003,5498
99889,5612,141981,1499
52927503,877,471449,215302
1293149,880,26009,5981
296080,2695,176612,1631
3262420,875,12059,1608
687087,886,39341,2176
1642424,500,17875,6036
4741947,912,374623,37014
30351,857,23696,227
19159637,1713,426921,106522
1028613,1008,88556,13216
774285,120429,121982,3293
532516,4924,21223,2675
167193,10770,13674,546
6327225,235,74695,23885
58079964,1104,373319,154347
832741,1119,104389,8044
738161,1466,103568,6402
209732,1399,33164,5606
857327,245,248752,19384
3055308,94857,105241,31886
406341,1087,168957,2183
5233,1413,26921,99
94898,97373,60589,476
1112038,351,96405,1799
2788907,966,18895,8322
223942,2125,9261,981
2934245,1618,49410,11711
111386,1953,59661,1657
3933939,7058,432823,35577
282843,1391,139153,1780
61569,3415,113715,447
4412248,459,5725,10316
138108,2248,37450,2432
550665,460,97934,4006
2648258,1607,9897,19068
38199,1317,19094,936
330932,1805,229049,855
3144062,33,6901,7246
34177541,48,8198,39074
3343641,10480,257227,25475
21830,1309,170855,32
5843881,10,18671,20176
4702730,790,278971,30205
1074206,88750,305374,4631
294623,975,49581,1879
2683050,5528,19190,10940
4192430,431,50825,13879
415598,3036,7333,1141
74658,1008,27982,121
882838,585,54711,3974
330933,1805,229049,855
124681,823,7274,1159
6008526,768,238519,8468
25163,1258,163923,906
229465,1127,118948,2322
450667,1746,21042,1953
15570666,1471,20634,23990
426067,3000,47429,1256
4192432,431,50825,13879
58080792,1104,373319,154338
33186,586,57607,1187
2326981,608,297151,26570
58079980,1104,373319,154347
507178,1220,69228,7100
811689,6280,29664,8555
641387,541,42000,11822
4702791,790,278971,30206
1274966,1550,240781,9159
34177647,48,8198,39077
353101,1303,178392,5685
3343641,10480,257227,25475
199,161,1237,0
347164,669,39313,2264
37932,13744,315077,86
882111,7527,362493,7234
148778,9322,74241,1535
2027,887,5959,62
2120885,2035,13812,8997
282454,1121,18713,1641
19839691,1065,371728,125455
58079984,1104,373319,154347
233876,1918,62052,2663
882111,7527,362493,7234
3933938,7058,432832,35577
143349,1983,9120,308
1269940,7912,41907,9200
360067,16844,230457,2603
469740,580,15698,3924
10460,9776,95918,40
164403,4233,56321,4986
111386,1953,59661,1657
5870118,329,4315,12032
8343737,1090,66244,13052
2551186,4460,35134,8546
30776,190,20106,1065
871743,4314,208110,785
28068,1261,14918,227
247204,6655,349205,3359
4915116,3,56667,21725
3692247,406,1262669,26126
50013287,3,37975,146701
268983,2400,17062,644
767878,114,2861,2061
1761341,195444,51378,5239
26048,776,35981,653
2028384,1183,352336,13294
196303,145,124353,171
439434,855,30062,3961
88908,4995,53603,564
9596307,1079,28776,35870
111394,1953,59661,1657
4192438,431,50825,13879
102653,112153,40254,143
77674,22077,62840,106
2743043,1290,238743,9882
505976,1010,282903,6932
183193,542,3489,5269
8155094,1643,45143,17706
963067,3267,179538,5735
2431362,616,30298,8171
50013290,3,37975,146701
2972582,359,44812,1937
7954,619,5501,59
890360,63,33940,15474
2743043,1290,238743,9882
670547,1057,118263,6746
155780,1633,13518,1350
130254,1058,15878,875
1236942,353,101104,7551
36902,3818,80778,108
721853,10819,64186,8459
68247,543,77432,1529
336900,2792,31667,3957
917815,45110,123091,2904
3411103,24094,22784,14493
9103444,1857,338243,50539
695383,470,20896,195
43780,765,28656,614
301445,5220,30651,731
4365757,296,1014744,29069
19209,18871,34540,34
1455553,3474,53777,4045
882115,7527,362493,7234
11503,1047,5831,44
1420804,4768,207105,11910
294623,975,49581,1879
4557,1273,52261,103
1420804,4768,207105,11910
15461627,1200,84920,44126
887687,133,329140,2535
1485792,251,28037,3403
131797,1797,22100,2100
1218894,27638,239170,5007
378202,10380,59591,1103
4061482,1035,7225,8388
24904,796,25565,81
2795633,814,55788,12033
1307506,1198,6268,2910
282843,1391,139154,1780
170431,2176,18600,1069
4381663,338,211872,21974
478359,1264,48974,10165
52927595,877,471450,215304
81708,887,27896,589
10623320,4623,19579,51615
193776,963,4045,1024
1283701,586,37916,7318
5607804,669,323080,3811
123011,790,1003,804
719491,1689,99399,5413
67963,51,6343,661
1590917,110,158959,9297
23250,5259,8574,434
1410091,3165,18446,4022
16704,1399,16187,179
1564880,1426,19499,7272
10907,2166,22192,189
4634387,1628,361495,43607
274514,1629,102350,3936
58080024,1104,373319,154347
9596086,1079,28776,35871
265230,488,4590,209
19159643,1713,426921,106523
19679268,732,16523,26800
8110,418,2202,74
19159643,1713,426921,106523
142481,999,86627,665
58080028,1104,373319,154347
395521,1407,87429,3628
269088,968,101865,1235
1359026,358,9621,610
7965332,2027,148064,17276
175296,72,712,488
63058889,121,77789,193054
17205,500,121814,428
101298,557,47984,589
1048376,401,42111,362
1074211,88750,305374,4631
977763,221,70568,3407
2934260,1618,49410,11711
1982594,368,667330,8580
469105,6790,40522,3203
1445441,3637,356237,2213
1485795,251,28037,3403
4153674,170,645498,1929
1769240,1264,13066,3933
4365845,296,1014744,29070
494501,33452,58318,1175
89186,7234,75303,2320
671818,1,31175,402
73457,28797,114964,83
774285,120429,121982,3293
22008,18340,65600,4
99677,37326,121266,175
58080847,1104,373319,154338
310177,4076,14237,4121
58080032,1104,373319,154347
325992,185,4860,146
4410869,698,239042,6678
882116,7527,362493,7234
8513,115,83223,4
10623321,4623,19579,51615
738162,1466,103568,6402
4614151,332,18193,655
1831742,127,37080,1594
10162721,336,544166,21935
1375087,1026,382358,22888
738162,1466,103568,6402
323676,52,141619,3420
19159646,1713,426921,106523
482195,2095,102505,685
513638,29987,227087,2236
34177679,48,8198,39077
882116,7527,362493,7234
25556291,11,24081,17999
1998292,3807,24185,10611
336900,2792,31667,3957
941739,483,123054,4182
115169,7710,34763,1234
3542753,567,305327,37391
887126,1479,46663,2839
5843931,10,18672,20184
229292,637,170628,2638
31371,507,9030,345
3359617,1047,89863,21326
579168,2267,110515,2919
5907619,929,377292,20034
114093,50558,51297,107
867176,483,24694,2566
90041,1970,70301,548
2795722,814,55788,12031
961454,5881,242450,14553
5349,4679,13803,141
1274968,1550,240781,9159
121263,3645,247484,1630
917847,45111,123091,2904
453756,31175,126793,1409
955587,122,68810,2925
1501829,366,160654,9376
15809496,6826,318208,104354
14783,366,15970,37
6263,4750,12932,2
346387,63302,109332,1877
8273,252,12271,61
3608984,436,9875,18253
2156191,4343,67115,12559
2377906,1,5803,4789
88697,3276,10166,711
41859,18935,226354,2
335804,1775,31035,2545
1398071,2380,32485,620
9103447,1857,338243,50540
199073,598,59983,4144
36335,848,79023,1896
40562,1929,8493,820
1074211,88750,305374,4631
739135,851,17271,2269
34177696,48,8198,39077
1535092,27,22828,960
12756,12804,19386,86
7091,496,19549,54
201417,2035,285245,1272
2844922,6,28018,10299
917847,45111,123091,2904
10623321,4623,19579,51615
25556144,11,24081,18002
346387,63302,109332,1877
21639112,262,466894,71700
1811251,9076,32911,6078
103857,152,17507,1027
10623321,4623,19579,51615
82419,4567,174492,2339
75999,23130,245469,992
78663952,2431,32747,28630
34177703,48,8198,39077
34177703,48,8198,39077
41290,11758,133900,444
1707703,152,69165,7238
1207583,111268,211019,15030
1011152,1600,27948,4313
17529,3007,59990,240
4365847,296,1014745,29070
2963,597,20786,28
111378,1953,59661,1657
599150,89024,108388,3362
1230728,523,28040,8183
42108,3901,104512,903
3411109,24094,22784,14493
4365847,296,1014745,29070
19159650,1713,426921,106524
46524,757,65111,469
186612,5506,18164,1852
1685235,692,3483,7450
1564924,1426,19499,7277
498780,969,17017,2055
439526,1669,19586,3599
12608,187,9579,281
550606,460,97934,4008
146725,60,77731,3035
4365848,296,1014745,29070
15809148,6826,318210,104350
647527,2033,63121,2702
4365848,296,1014745,29070
25556143,11,24081,18002
111386,1953,59661,1657
628080,6245,57923,6718
8621879,590,335413,55929
1074211,88750,305374,4631
935590,17,121571,8191
351647,39,149528,3913
3933944,7058,432834,35578
19705,1701,25864,354
8930573,67762,230461,70158
34177713,48,8198,39076
1221689,1637,109939,11149
178087,811,86225,636
75191,3973,83787,686
1074211,88750,305374,4631
6673782,142,6919,15373
739135,851,17271,2269
97546,1248,109443,675
397898,3115,19753,3311
4019,3214,14247,153
14853,1305,3189,811
716639,5516,50856,7263
80878,3725,68090,1560
683624,671,20151,1240
5843944,10,18672,20184
30748,508,54263,110
550606,460,97934,4008
2897845,47,4150,7314
325293,7078,38699,689
167192,10770,13674,546
6312313,2924,307501,21115
12987,2473,12579,335
121524,1269,145892,923
55076,333,5378,939
2660397,10993,470449,20731
52927667,877,471451,215306
276147,1402,45169,2424
274349,279,30884,3241
2355508,5045,41393,13748
25556143,11,24081,18002
4153685,170,645499,1929
149516,3,8038,625
2742945,1289,238743,9883
147442,68168,97349,472
455730,1487,94301,3986
1319182,791,81150,9475
12701,13157,9423,6
176006,119307,444541,184
2263240,1973,65969,982
286281,7415,427596,348
2934261,1618,49410,11708
237771,42935,203201,1178
4381606,338,211872,21971
2742946,1289,238743,9883
971471,65200,333090,3196
2774955,241082,373171,18508
5907622,929,377292,20034
34161,23721,12755,476
105289,2252,68085,1039
1998964,3261,51366,21542
1138707,13796,65651,7028
101506,14472,55688,2156
8621880,590,335413,55929
4365851,296,1014747,29070
2116893,62,18915,8191
5870119,329,4315,12032
155677,341,121661,1250
369064,5662,13169,2619
17475935,488,384872,65509
451282,9875,19976,4601
2934278,1618,49410,11711
1998964,3261,51366,21542
1269940,7912,41907,9200
17735746,2,10701,2822
472328,612,32072,2633
267932,341,5411,2887
92928,2217,51964,572
896,608,48120,5
730196,29334,203935,5438
17064014,14,937552,14165
42238,4679,16883,794
1564889,1426,19499,7272
21639153,262,466894,71700
533853,8944,67053,1127
7769476,23,522622,30028
58080095,1104,373319,154348
13613787,3445,295318,21571
2285893,4501,39043,6448
2934284,1618,49410,11711
36490942,18,345839,131164
1982597,368,667332,8580
52686,278,1088,736
9040732,625,73101,8864
1319186,791,81150,9475
36490956,18,345839,131160
1420809,4768,207105,11910
4192513,431,50825,13879
22775,17297,184761,456
1243606,997,20067,7578
82356,256,7348,112
27258,236,5100,249
4237,1572,16958,61
2874,2296,5339,21
1207486,111263,211020,15030
247456,56433,66819,1333
205978,7404,16967,921
756908,12528,31024,1074
1319172,791,81150,9475
8621889,590,335413,55929
274517,1629,102350,3937
4365862,296,1014748,29070
2087494,8643,58031,13750
1541293,951,12461,5168
971477,65200,333092,3196
5843962,10,18672,20184
19159676,1713,426922,106524
294623,975,49581,1879
104180,4029,83825,515
4653487,162,12345,835
4634396,1628,361495,43607
230505,3929,292183,4958
1541293,951,12461,5168
8622038,590,335413,55930
4192515,431,50825,13879
24262,94,62059,552
2742946,1289,238744,9877
7077774,515,9627,19889
772851,8936,76666,2066
1230730,523,28040,8183
65118,310,51521,99
11344,2251,34047,201
2120898,2035,13812,8997
141133,90507,156124,205
21893,2773,21142,527
199074,598,59984,4144
3539929,1816,1067715,6341
18985,503,10515,238
230505,3929,292183,4958
8350828,1061,975334,8225
160473,1084,16312,1147
15152,14726,101984,7
323681,625,374804,2548
2934309,1618,49410,11711
10220791,1558,18151,23725
15809170,6826,318211,104350
58788,4851,38839,1525
58080185,1104,373319,154348
22545603,100,5904,34877
277039,879,39783,3843
1374789,1728,48081,9307
4412312,459,5725,10316
1010,1452,62244,4
4702526,790,278971,30206
225593,33815,36504,737
52123,954,49435,848
670532,23714,94768,1143
401921,925,20131,1363
7769492,23,522624,30028
176007,119307,444563,184
774254,120428,121982,3292
986670,7500,47087,8151
882119,7527,362494,7234
2934312,1618,49410,11711
21639258,262,466895,71700
561986,601,340730,8969
647563,2033,63128,2704
11486386,720,153469,19904
369063,5662,13169,2619
94754,113,60137,791
1497666,667,84523,2471
48183,3290,36586,1144
78664017,2431,32747,28630
2742948,1289,238744,9877
54115,40288,872596,197
19646,1862,58710,419
191294,218,9133,138
1949489,1699,100550,8216
36491011,18,345839,131160
461732,1494,52260,4758
89186,7234,75303,2321
389034,50403,64372,5655
17475706,488,384872,65509
163161,27949,257441,809
1074213,88750,305374,4631
1135035,391,46891,525
772853,8936,76666,2066
927343,3143,82136,2378
1564932,1426,19500,7277
62321,27772,112871,592
5907673,929,377293,20035
494517,33452,58319,1176
186612,5506,18164,1852
10623333,4623,19579,51616
1590919,110,158959,9297
738166,1466,103568,6402
8350828,1061,975334,8225
15809173,6826,318211,104350
12123,1990,25147,417
770699,245,333099,3016
3411117,24094,22784,14494
2287,1426,5104,46
413991,2221,77286,922
23216,1029,73522,521
4634396,1628,361495,43607
472330,612,32072,2633
369283,4335,533464,5869
15076,2247,617134,253
1074213,88750,305374,4631
3411118,24094,22784,14494
1074213,88750,305374,4631
1074213,88750,305374,4631
1375091,1026,382359,22888
1982598,368,667334,8580
89186,7234,75304,2321
16548,2447,56036,245
1691665,5717,269096,18730
1074157,88748,305374,4632
117545,44625,37430,229
1375137,1026,382358,22889
7213,7589,46845,7
1232,206,33172,54
20394,1787,27182,203
195883,4902,39332,1182
10220794,1558,18151,23725
4702528,790,278971,30206
25555999,11,24081,17999
377107,811,262426,7781
359915,5567,105384,5273
2742948,1289,238744,9877
3343639,10480,257227,25474
719503,1689,99399,5414
4365862,296,1014749,29070
295965,618,38929,1559
60578,2044,10686,559
5870121,329,4315,12032
1485816,251,28037,3403
935591,17,121571,8191
61812,2299,35534,1264
190117,773,178919,1109
451204,1549,51743,1008
237641,6374,124544,1331
330941,1805,229049,855
319506,2602,315230,3253
1811254,9077,32911,6077
1319189,791,81151,9475
7769495,23,522625,30028
25556139,11,24081,18002
74229,3853,23216,714
314,366,2182,0
116074,618,695,898
483250,2057,16097,1838
4223255,675,147935,2913
78664025,2431,32747,28630
131321,5298,359227,2939
195883,4902,39332,1182
25556139,11,24081,18002
58080218,1104,373319,154348
2156195,4343,67115,12559
1761346,195444,51378,5239
4381615,338,211872,21970
9674498,542,106902,84118
882828,585,54711,3974
1502157,347,317490,5517
17475710,488,384872,65509
854073,8135,10668,2501
538109,1322,68250,6450
11166990,1492,16864,7682
4872,645,28362,118
756041,438,39853,4095
4634447,1628,361495,43603
2934324,1618,49410,11711
26175,1601,8234,62
3411120,24094,22785,14494
5042,241,4901,6
730179,29333,203935,5437
293535,1324,10859,1219
759426,1461,437290,3169
425491,587,7759,471
2742948,1289,238744,9877
56612,2337,88624,2146
32349,73,1964,64
378215,10380,59592,1104
13907909,93,491772,48741
1010514,488,37709,921
11813200,7,88631,67830
54176,8722,59389,1459
439526,1669,19586,3599
2551178,4460,35134,8546
213299,757,163663,3497
2378022,2,5803,4790
2229630,0,11211,13164
99736,4436,14151,469
336899,2792,31667,3957
628092,6245,57924,6719
58080155,1104,373319,154339
15413,13711,113722,53
686005,1003,5190,3795
8155327,1643,45143,17706
180314,1920,70554,3204
882122,7527,362494,7234
6919473,0,557738,6103
246786,2887,33464,1155
9516159,3552,60024,52534
1011157,1600,27948,4313
762303,2953,25193,6315
27255,236,5100,250
2660449,10993,470451,20731
187251,3466,40564,5479
37208,991,104342,768
12214,2048,28691,185
4381578,338,211872,21974
268317,885,268606,1315
1139909,418,253557,12119
111386,1953,59661,1657
986671,7500,47087,8151
49965,991,3050,342
721851,10819,64186,8459
730196,29334,203935,5438
3411122,24094,22785,14494
41198,36058,16028,88
3838040,549,15836,14141
15686,13,628,53
1782328,943,129116,7795
550611,460,97934,4008
301447,5220,30653,731
961543,2002,87216,11812
2430912,1490,159487,21255
13358257,74,222521,8366
52927822,877,471452,215309
2117913,7368,194633,12675
349429,3789,78832,5313
154948,67331,100994,359
176534,4904,103948,1278
2028392,1183,352345,13294
4381620,338,211872,21970
139665,111021,52416,76
90651,1250,6500,200
236573,9051,34213,2298
19159681,1713,426923,106524
87127,4724,45090,1728
36491049,18,345839,131160
6312278,2924,307502,21114
7769434,23,522626,30028
708942,1662,21721,2283
1319189,791,81151,9475
15809182,6826,318211,104350
1420815,4768,207105,11910
13736856,369,273682,48186
347194,792,6375,926
211868,2581,137163,6045
6208,1683,15745,26
1566713,82,143534,5654
64089,3761,79718,572
4668963,853,496690,38245
6989,1753,13348,133
665378,4066,135026,876
4192557,431,50825,13879
25555997,11,24081,17999
4365867,296,1014750,29070
36491056,18,345839,131160
717387,3692,24594,4759
51617,3695,48628,863
155779,2336,7224,2332
4274,4002,147397,45
58080254,1104,373319,154348
319002,463,79919,2525
125426,853,131672,4016
1074076,88745,305374,4631
4741820,912,374624,37015
4365867,296,1014750,29070
77403,121,36123,1599
721851,10819,64186,8459
53402,5031,42858,2487
4702537,790,278971,30206
1077403,250,27203,6213
9054029,398,137292,64348
647582,2033,63129,2704
1074157,88748,305374,4632
360255,2429,95257,1435
1274975,1550,240783,9160
2742950,1289,238745,9877
6890,1454,18380,170
267185,4811,55935,2322
8621900,590,335413,55929
601105,4201,283274,3781
7405716,430,13029,24648
78664043,2431,32747,28630
1485826,251,28037,3403
1074076,88745,305374,4631
798452,1575,69155,3158
15809185,6826,318211,104350
27992,668,3132,121
25161012,1218,853727,133987
550611,460,97934,4008
3542724,567,305329,37389
110216,71786,308741,162
8930670,67764,230460,70157
1845911,348,4860,4380
339597,12637,51325,5781
4634401,1628,361495,43607
147005,4140,78559,877
21639342,262,466896,71700
2934339,1618,49410,11711
15570393,1471,20634,23993
4717205,717,399896,5173
22425,609,17152,272
548616,10316,243356,1784
506741,1365,400648,1931
22773,17296,184761,456
237771,42935,203201,1178
141866,280,5996,2084
19679334,732,16523,26801
222775,3068,26415,3238
3144084,33,6902,7246
361435,4362,89492,9287
69819,6,3903,458
19026133,523,392545,105840
52157,67,8412,592
738167,1466,103568,6402
1074157,88748,305374,4632
2551179,4460,35134,8546
1011157,1600,27948,4313
1105889,2588,21686,3777
7769441,23,522626,30028
19159683,1713,426923,106524
34248,992,102474,343
8196,8455,4019,7
64135,55963,37293,55
237119,1188,276537,2568
311877,6160,43671,3930
7770846,240,304790,55979
23570,7459,23499,593
2464062,3080,16158,7075
38320,740,19842,362
871766,4314,208110,785
2934324,1618,49410,11708
393496,6062,13739,2731
163161,27949,257443,809
7769442,23,522626,30028
58080269,1104,373320,154348
4702542,790,278971,30206
32410,3022,29025,616
13178,5076,19343,478
11743,9857,99092,171
4410902,698,239043,6678
75896,2036,3802,608
427543,1515,59368,2228
2722535,2227,448885,13635
10623338,4623,19579,51616
399668,894,12823,2032
14091,4167,79733,793
178896,7546,232659,5210
13736857,369,273682,48186
6259697,670,775474,8853
4192572,431,50825,13879
111386,1953,59661,1657
42653,1344,3426,1693
2431308,616,30298,8173
19026137,523,392545,105840
1023762,966,134045,11262
426931,1040,33779,2985
34177901,48,8199,39077
3250320,3513,24038,9210
1691664,5717,269096,18730
882113,7528,362495,7232
386424,2529,43121,2178
4365870,296,1014751,29066
473684,851,344660,2696
111386,1953,59661,1657
1691664,5717,269096,18730
30321,4774,39980,917
2934345,1618,49410,11711
882130,7527,362495,7234
25282529,226,32747,7201
2459157,2443,21052,561
230505,3929,292184,4958
52927215,877,471453,215299
2431308,616,30298,8173
642201,1724,68206,7133
13333,3677,34896,472
20586152,279,6158,4565
822342,1211,5593,5152
19159583,1713,426923,106525
3933953,7058,432841,35578
58080292,1104,373320,154348
43845,5225,92581,522
4365870,296,1014751,29066
425541,4863,51573,2981
4365872,296,1014751,29066
4356095,328,178167,13076
52927221,877,471453,215299
204320,794,22498,807
4007061,192,35738,11691
772861,8936,76666,2067
2795636,814,55788,12033
77558,2909,28764,721
83150,6525,52819,352
162565,1194,320380,1482
8155397,1643,45143,17706
6508,3910,4330,5
58080299,1104,373320,154348
210321,608,59394,4213
101299,557,47984,589
265851,198,8808,264
2575461,775,375701,8398
1825602,3680,296839,14267
259991,8149,50144,3286
167174,10768,13674,546
1283739,586,37916,7321
2788887,966,18899,8321
817825,782,374127,11145
8036559,2288,49036,15076
14783,366,15972,37
25556134,11,24081,18002
820481,1589,292160,3807
1010402,1605,37524,5498
34177953,48,8199,39077
11358698,5585,600212,82371
4208,3055,59239,10
52927966,877,471453,215309
19393,2603,46760,224
330252,587,52870,646
917851,45111,123094,2904
8350857,1061,975334,8225
34177957,48,8199,39077
2742953,1289,238746,9877
176287,298,4610,352
43881,4727,6952,408
202477,1597,60131,3812
226597,43527,31638,78
1660697,375,617239,2921
8621915,590,335413,55929
52523,3225,59874,732
223850,2718,235763,3082
79530,5774,28628,1229
513640,29987,227093,2236
34248,992,102474,343
810026,780,164293,3648
60494,18333,178385,361
3055336,94859,105242,31884
567679,126,201254,2678
44448,7683,20003,35
20586159,279,6158,4565
657439,1593,69190,10064
4915164,3,56667,21728
600345,604,308027,8195
35540,2916,15045,394
86302,86410,24273,40
52927977,877,471453,215309
339597,12637,51325,5781
76002,23130,245477,992
2551147,4460,35134,8543
7769460,23,522628,30028
2701887,224,56129,1465
185756,685,239796,399
78827,16519,86514,669
13915,2938,34253,418
11273,5635,27974,280
1782447,943,129116,7798
1010515,488,37709,921
2772148,3782,8045,7894
125042,339,20903,620
3638288,409,901206,4729
3623439,6828,76021,33779
1660698,375,617239,2921
14690,317,6411,64
347169,669,39314,2264
1564947,1426,19500,7277
4702550,790,278971,30206
41876,3826,39348,452
662222,856,420074,4022
2499774,4433,113924,10645
52927990,877,471453,215309
811623,6280,29664,8556
4634408,1628,361495,43607
455732,1487,94302,3986
5282,5014,40804,13
152424,182,246158,1990
64041,59149,114499,114
4634459,1628,361495,43603
92938,2217,51965,572
76009,1964,12367,476
13907962,93,491773,48741
3144065,33,6902,7243
4192617,431,50825,13879
410664,914,14691,1362
89186,7234,75304,2321
4702551,790,278971,30206
1799147,3002,12960,9243
15979,16085,24674,26
94985,4493,6488,818
1221699,1637,109939,11149
236573,9051,34213,2298
101603,4142,50251,2265
3262295,875,12062,1608
47371,3954,23292,423
7405720,430,13029,24648
711449,5507,21436,4937
139285,1501,17032,83
50013524,3,37975,146702
78664104,2431,32747,28630
1965599,1534,17314,5335
569,858,27682,6
52927340,877,471452,215299
4365883,296,1014753,29066
181745,627,9026,2290
28066,28519,331990,27
2431307,616,30298,8173
4628984,98,22538,36434
16898,1519,3989,141
441997,789,8860,2998
1639947,764,9598,4554
36594,3286,14199,1009
347165,669,39313,2263
1965582,1534,17314,5335
2789,3022,6397,14
22584,3299,9809,250
239405,1778,53269,1518
79440,450,5981,503
210784,556,48159,1100
4634460,1628,361495,43603
201038,2727,30567,1587
451282,9875,19976,4601
971406,65202,333098,3196
2845015,6,28018,10299
20952,22930,89733,21
74322,146,257,1319
34177985,48,8199,39077
124643,2508,28553,1449
63059215,121,77789,193050
19159702,1713,426923,106516
428040,19585,212202,499
2120863,2035,13812,8997
708654,1070,46704,7869
88458,93,10998,867
20329,6043,27138,34
25161065,1218,853731,133987
63991,4137,67250,1042
152425,182,246158,1990
266096,2977,43813,1904
4061452,1035,7225,8388
20973,1493,21190,267
152030,472,208555,4332
228186,1936,86486,1261
452565,401,773,1897
7769463,23,522628,30028
1052486,41747,4102,8503
4082,834,10580,135
104027,6111,78990,1232
377681,418,145332,1856
347078,3,15361,4201
1074040,88743,305374,4632
25304,23046,97071,16
121982,17571,62596,548
9506,514,108505,69
4365884,296,1014754,29066
738121,1466,103568,6402
122024,146,295,134
2934387,1618,49410,11711
58080424,1104,373320,154340
297483,56376,111004,5498
2120527,1179,94372,7763
35031,34309,120735,21
52928011,877,471453,215309
58080424,1104,373320,154340
2743018,1289,238747,9878
5207903,3105,58165,7102
747324,53,43018,10199
971375,65202,333099,3196
2772157,3782,8045,7894
15570449,1471,20634,23991
77326,1352,20032,427
4365884,296,1014754,29066
19159703,1713,426923,106516
738166,1466,103568,6402
22425,609,17152,272
1074080,88745,305374,4631
309977,4171,250827,2747
51108,3832,60321,1412
7769464,23,522628,30028
4365797,296,1014754,29069
1074080,88745,305374,4631
2378107,2,5803,4790
8798,3713,19119,303
592955,3273,33195,6578
199075,598,59984,4144
230035,163391,26889,1530
740801,5542,46461,9246
1289587,999,111718,1286
8930684,67764,230461,70156
186940,650,6594,451
457374,1072,4828,2787
15923037,7,1369,11121
28543,1452,20968,419
4381597,338,211873,21974
768273,252,12864,6421
694758,139,1558,1845
9103491,1857,338245,50540
140596,6777,11898,1169
1098032,311,206144,4040
4634411,1628,361495,43607
60548,2452,108474,484
57095,4074,32419,423
157868,2022,24545,1413
10623344,4623,19579,51616
5907638,929,377295,20034
366052,1528,400439,3713
90099,379,41016,550
3870,790,41588,16
596727,5306,30070,2920
17515,1688,16143,315
98411,6510,205478,936
85569,1687,54512,2871
218353,14053,227171,1663
96620,3037,29774,901
7405723,430,13029,24648
63059121,121,77789,193054
1605638,6712,64284,15341
2551186,4460,35134,8546
118319,15,51661,2361
35341,14150,302357,50
3692242,406,1262686,26126
274340,279,30884,3241
78664115,2431,32747,28630
8930602,67762,230461,70157
417729,2281,151026,2202
975511,2500,93818,1020
8155529,1643,45143,17706
43163,2583,133790,1680
6890,1454,18380,170
846825,29145,93915,3818
58080447,1104,373320,154340
5093741,2193,522438,3228
381988,5485,9731,1836
52928034,877,471453,215309
1077343,250,27203,6212
1350091,19749,33246,9294
318305,3770,165423,6423
119758,722,58706,1175
30322,4774,39980,917
525564,360,11129,3585
1074081,88745,305374,4631
64667,1421,4307,1736
3163325,973,14605,17868
469101,6790,40523,3203
1074041,88743,305374,4632
4365888,296,1014754,29066
389026,50402,64372,5653
1319196,791,81151,9475
34283,1564,7994,409
22438,11736,76054,29
3411773,816,392438,2920
250601,1050,354668,5159
2934400,1618,49410,11711
58080452,1104,373320,154340
227720,4038,259348,2058
9103535,1857,338245,50539
1105886,2588,21686,3777
544462,2192,200294,2722
2378120,2,5803,4788
397899,3116,19753,3311
187292,910,179184,1348
223521,7700,20098,810
52928039,877,471453,215309
216434,5291,82871,409
867177,483,24695,2566
39699,460,10798,212
3359642,1047,89864,21326
9963,10677,47334,6
230026,163381,26889,1529
5907580,929,377295,20034
1283746,586,37916,7322
26115,1174,19445,773
735623,5609,62995,4560
871759,4314,208110,785
11249021,1752,69345,35075
167174,10769,13674,546
133492,4921,4196,2059
52928041,877,471453,215309
28558,1977,71389,919
23995,24422,54624,36
425198,1263,22055,2412
548220,1108,23095,7964
52928042,877,471453,215309
152576,2997,50905,779
218384,4169,25620,1624
2140905,109,4873,8386
94811,733,11749,2230
81689,1394,29895,1829
169269,2043,42435,267
2743018,1289,238748,9878
2036557,611,157809,20270
10473505,1060,746395,69132
180291,1920,70554,3204
4381640,338,211873,21970
756043,438,39853,4095
5844040,10,18673,20184
17063968,14,937553,14165
538141,1322,68250,6450
1485887,251,28037,3403
9296,9554,13126,13
662222,856,420075,4022
512467,173,1873,1348
1212275,424,77955,5469
136587,998,114568,1422
986641,7501,47087,8150
5093715,2193,522438,3227
41693,1437,15520,454
301450,5220,30653,731
34375,32031,220808,57
492747,2108,149401,6342
144079,21699,85517,190
3760850,1227,308677,35058
4365888,296,1014755,29066
6259724,670,775474,8853
882122,7528,362497,7232
140143,708,106708,426
204881,1361,39748,1200
191964,1629,83504,198
251938,6463,370421,825
70695,36475,108065,85
182268,1115,79739,2462
1319197,791,81151,9475
1895550,1751,35778,6475
4489841,20902,96068,9642
442001,789,8860,2998
3762339,1,122715,4976
4365888,296,1014755,29066
6919512,0,557739,6103
30699,1603,19821,211
4668977,853,496694,38245
971407,65202,333101,3198
771622,759,6353,2207
2431305,616,30298,8173
3396420,2730,464635,21499
3055338,94859,105242,31884
127689,3840,63053,1956
9103495,1857,338245,50540
7769523,23,522630,30025
628100,6245,57924,6720
709369,11788,108003,4815
639092,4620,168401,748
2742954,1289,238748,9877
2795575,814,55788,12033
1274108,1275,33656,10119
215147,5434,42283,3113
440391,3536,20432,5083
2660502,10993,470456,20732
2299534,5783,88786,7472
8621920,590,335414,55929
539388,1439,29409,5086
105046,170,21519,584
7769475,23,522630,30028
1485895,251,28037,3403
544462,2192,200294,2722
10623346,4623,19579,51616
1452530,1076,17587,12210
3144106,33,6902,7242
2336146,583,646287,2991
13907985,93,491775,48741
352084,196,5671,719
87281,2697,7259,1010
90976,29199,228546,513
25555875,11,24081,18002
4365802,296,1014755,29069
5878955,59,14498,11672
294623,976,49583,1879
3144107,33,6902,7242
58080406,1104,373320,154332
1732121,1540,32572,5277
13439,12,712621,572
971407,65202,333101,3198
882142,7527,362497,7234
25555875,11,24081,18002
1074080,88745,305374,4631
9103540,1857,338245,50539
16746,1600,4617,65
89646,8832,63515,1912
10585869,20,95969,17605
508108,2553,48586,2419
1070484,3794,35206,7093
821283,1400,118115,4334
35994,2333,82426,742
1590930,110,158961,9296
137346,1845,29504,720
392315,1209,194558,4476
58080492,1104,373320,154340
246193,15938,23710,1616
630846,378,10019,4032
34178099,48,8199,39077
21639566,262,466901,71703
122048,7901,164619,1098
882143,7527,362497,7234
268317,885,268607,1315
13907986,93,491775,48741
25440,495,63454,108
4634,4681,10568,11
51005,42068,16404,41
391354,2378,30812,3320
4365888,296,1014755,29066
971409,65202,333102,3198
8155388,1643,45143,17700
1243498,997,20067,7579
152853,8623,71048,1336
1071310,1579,16342,5957
301451,5220,30653,731
738122,1466,103568,6402
58080500,1104,373320,154340
2156204,4343,67115,12559
2431355,616,30298,8171
2116927,62,18915,8190
1883505,535,213162,5360
406348,1087,168957,2183
588740,110,92922,1030
4702564,790,278971,30206
3623358,6828,76021,33778
2028378,1183,352345,13295
390002,2578,69676,3347
134562,12332,67963,1695
233,225,14332,0
204686,3949,66537,2126
8998,4034,6356,180
442001,789,8860,2998
167174,10769,13674,546
579194,2267,110516,2919
387753,1879,128544,613
821285,1400,118115,4334
2722537,2227,448889,13635
485691,2111,171479,4758
2795636,814,55788,12033
2355523,5045,41393,13748
10435,1959,71111,322
3144108,33,6902,7242
5878954,59,14498,11672
36491344,18,345842,131144
34176833,48,8199,39075
667423,2966,4918,134
52927488,877,471454,215299
742252,200,11474,317
61140,129,1549,359
867170,483,24695,2566
88603,3384,24251,1792
711451,5507,21436,4937
1232329,1420,31614,8912
268122,6043,182192,4856
9516131,3552,60024,52535
103282,7295,11177,2343
3539941,1816,1067715,6341
4192600,431,50825,13873
821294,1399,118115,4334
5149592,5394,36755,15307
4634475,1628,361495,43603
4365902,296,1014756,29066
208155,41,66164,4666
335540,989,116362,1389
1590974,110,158962,9297
162,110,596,1
1319198,791,81151,9475
2845043,6,28019,10299
1283717,586,37916,7318
7032,7385,96305,10
237651,6374,124555,1331
509768,1615,7584,3629
20571,20847,70188,5
4061454,1035,7225,8388
107421,330,36152,363
456699,2466,97520,10058
128874,2124,189123,1329
3760854,1227,308678,35056
81712,887,27896,589
25555992,11,24081,17999
10641,1028,2268,141
1387109,534,10901,658
579182,2265,110516,2917
4365816,296,1014757,29069
4634425,1628,361495,43607
58283,1127,17687,208
2569,4997,8689,13
86366,26416,8442,543
187558,17,8055,1172
636916,944,952259,1612
336033,2461,145347,8711
28067,1261,14918,227
5093763,2193,522439,3227
410663,914,14692,1362
58080502,1104,373320,154333
107096,1971,22355,2170
730164,29333,203939,5438
600349,604,308027,8195
5843958,10,18673,20176
229784,19451,87254,1063
462761,2195,24259,1551
492732,2108,149402,6342
310182,4076,14237,4121
488142,5998,22508,1909
1179428,488,256615,6316
7315,7938,72198,1
708431,996,25541,4269
5093763,2193,522439,3227
2285911,4501,39043,6448
2028382,1183,352350,13295
333776,2134,5540,796
461742,1494,52260,4759
10623350,4623,19579,51616
2551190,4460,35134,8546
389597,131,256645,3106
176010,119308,444581,184
3015,315,130379,64
51827,4790,72984,442
88902,4995,53605,564
431802,1023,180208,2484
940301,250947,21224,2592
1537639,814,79647,1701
1198381,463,114797,18110
2795574,814,55788,12033
52928190,877,471454,215309
633181,1781,9375,11444
2706967,1460,7530,23050
20669304,298,109080,25765
17475773,488,384874,65510
10220862,1558,18151,23724
137296,783,9315,3345
627120,993,112578,8343
1274983,1550,240783,9160
2551192,4460,35134,8546
42238,4679,16883,794
58080517,1104,373320,154333
2365,359,78555,21
283413,1239,105592,3111
190208,6718,112666,1178
310182,4076,14237,4121
209591,702,20976,758
887711,133,329141,2535
12233274,1790,19838,50457
25555871,11,24081,18002
2742954,1289,238753,9877
339459,1097,15069,2071
37360,15452,127799,131
25161112,1218,853734,133987
10473524,1060,746398,69132
2923,1221,159423,10
142484,999,86628,664
304508,3960,69448,2651
19025976,523,392546,105840
7044,1798,9206,8
2742955,1289,238753,9877
27696,20350,81548,45
2795574,814,55788,12033
353289,977,90016,4094
8252,8777,60683,4
58080606,1104,373320,154341
3410878,24090,22785,14494
426070,3000,47429,1256
56571,7917,23488,283
1179426,488,256615,6316
426035,3000,47429,1257
9267,312,3140,137
2467,2073,13403,0
463071,109530,176238,3275
4365780,296,1014757,29066
110400,20849,82719,785
250470,2507,20025,1595
961445,2002,87216,11812
601344,49281,27797,3041
1959753,827,28097,7375
5126,5282,43615,4
17475774,488,384874,65510
582604,2006,14537,3259
644225,2721,40018,6029
193346,2525,8556,2368
550616,460,97934,4008
2327032,608,297153,26570
19305,1258,1926,1076
935554,17,121577,8191
3144121,33,6902,7242
2473971,115,19190,2978
455884,3570,103752,4045
201232,408,204761,2006
59468,2017,27769,416
2742954,1289,238753,9877
16590,2526,16638,667
228684,171,6483,1119
34178231,48,8199,39077
111386,1953,59661,1657
1933423,132511,15122,8250
70154,593,5170,1225
14378,3638,10337,32
1319199,791,81151,9475
568,546,51279,1
168280,1469,155552,2439
5907585,929,377296,20034
1232331,1420,31614,8912
127739,13344,128842,440
85520,5957,36149,1228
1145163,10383,50749,3950
34178238,48,8199,39077
940303,250947,21224,2592
2171216,377,224385,6963
8621943,590,335417,55929
9595979,1079,28777,35867
58080624,1104,373320,154341
718448,1949,48946,1913
94811,733,11749,2230
9103523,1857,338246,50540
359926,5567,105384,5273
8350894,1061,975334,8225
1761361,195444,51378,5240
25161158,1218,853735,133992
4365820,296,1014758,29069
882153,7527,362497,7234
339588,12637,51325,5781
58080628,1104,373320,154341
5878959,59,14498,11672
2742954,1289,238753,9877
1105886,2588,21686,3777
97612,1574,59339,1431
31914,2841,16717,823
11249181,1752,69345,35075
2575451,775,375702,8398
917858,45111,123094,2904
8804,6638,301334,53
174831,541,18605,2275
2431304,616,30298,8173
24949,1909,108942,809
5844001,10,18673,20184
451205,1549,51744,1008
1420816,4768,207106,11910
772889,8936,76666,2067
670493,1057,118263,6747
31169,1362,104038,36
8930697,67764,230462,70156
10473531,1060,746398,69132
971420,65202,333105,3198
9364,1786,11477,183
4915173,3,56667,21728
482245,2095,102505,685
19159744,1713,426924,106516
3410882,24090,22785,14494
935553,17,121577,8191
5844003,10,18673,20184
33233,1791,12671,890
1949515,1699,100550,8217
125775,1063,21184,1707
6355619,444,169591,35602
3692242,406,1262691,26126
60556,10789,25654,773
8245760,1391,797212,66396
3403300,104,35046,1209
7769501,23,522630,30028
4669006,853,496695,38245
4669006,853,496695,38245
453723,31173,126794,1409
2935755,281,689916,2431
2860,949,14122,40
24948,1909,108942,809
1642456,500,17875,6037
4223339,675,147936,2912
19159746,1713,426924,106516
25322,143,40608,369
160206,1128,102019,1886
3410882,24090,22785,14494
39716,1072,85572,1491
10162768,336,544173,21933
9595983,1079,28777,35867
465857,2273,103202,1733
2772118,3782,8045,7892
422011,2374,39350,1429
52927599,877,471454,215299
137641,3028,33811,3256
52928257,877,471454,215309
19839865,1065,371732,125450
1283722,586,37916,7318
451205,1549,51744,1008
26825,113,2576,132
267196,4811,55935,2322
245246,2449,47251,1714
1283722,586,37916,7318
4628869,98,22538,36434
17475778,488,384874,65510
3141519,865,6618,12133
2431303,616,30298,8173
9053875,398,137293,64348
1218901,27638,239174,5007
18386500,3,229753,4480
15809277,6826,318214,104351
774297,120429,121984,3293
3262261,875,12063,1608
426071,3000,47429,1256
52927606,877,471454,215299
500899,283,110823,2269
2430852,1490,159487,21254
345684,1896,135683,4670
2120877,2035,13814,8997
191700,108,97818,2702
38534,1204,19180,406
5909275,565,12458,18145
4381610,338,211873,21974
1367479,5996,40341,4526
738124,1466,103571,6402
210320,608,59394,4213
425201,204,18557,1414
7769503,23,522630,30028
150389,1675,104431,794
7769503,23,522630,30028
1319199,791,81151,9475
326674,725,59317,2856
52928264,877,471454,215309
217084,2283,281709,1323
4381610,338,211873,21974
1269944,7912,41907,9200
2378202,2,5803,4788
12604,13612,75289,12
445391,7598,10979,6868
487123,2837,46244,6049
4523,382,2412,20
3410882,24090,22785,14494
846834,29145,93915,3818
2934444,1618,49411,11709
738124,1466,103571,6402
87894,2406,59893,2179
4686569,427,305405,7599
19159748,1713,426924,106516
5483055,0,1203,1274
492734,2108,149402,6342
2934446,1618,49411,11709
8930698,67764,230462,70156
66042,1225,73488,608
31949,22867,197281,58
161681,180,101068,2062
35379,31819,75752,100
10623354,4623,19579,51616
582599,2006,14537,3259
25161138,1218,853735,133987
8350900,1061,975334,8225
55110,1585,16167,184
3539942,1816,1067715,6341
101687,2938,124520,1430
2378205,2,5803,4788
1845903,348,4860,4384
1375107,1026,382364,22888
112709,2011,187728,683
924454,9597,54412,7015
58080585,1104,373321,154333
144804,5406,84979,476
8350855,1061,975334,8225
719519,1689,99399,5410
19159748,1713,426924,106516
1565683,3117,8645,7343
426882,1040,33781,2986
67959,1231,90474,1417
10991,2815,6448,270
75479,2555,3251,1430
1405098,6797,347238,9398
198451,76,790,108
691604,1615,254958,2450
8632,7689,130736,372
27641,3699,16209,732
6259719,670,775474,8853
9103530,1857,338246,50540
21611,1044,24247,330
2722543,2227,448893,13635
22425,609,17153,272
171928,25,4256,611
247210,6656,349215,3362
709242,987,3054,2216
6008546,768,238520,8469
2934471,1618,49411,11712
3211793,92,17662,10671
1269944,7912,41907,9200
770702,245,333100,3015
1243565,997,20067,7579
2660553,10993,470462,20732
2722544,2227,448893,13635
389025,50402,64372,5653
114518,2430,7890,2789
21639744,262,466904,71697
9595986,1079,28777,35867
58080673,1104,373321,154341
204760,1062,14269,1564
196303,145,124353,171
606090,258,9249,3972
720321,18,173207,4188
218211,1308,41657,599
2140914,109,4873,8387
795174,7357,228166,14222
105243,1130,6428,949
253249,1225,54365,2882
99671,37325,121266,175
10585947,20,95970,17605
233960,662,3183,418
25555872,11,24081,18002
46148,3696,25312,383
553371,1192,37999,6504
91283,2875,45187,881
5614941,2995,32141,4340
426071,3000,47429,1256
144081,21699,85517,190
935318,554,96611,18111
2788896,966,18900,8322
28762,2726,60425,516
9103532,1857,338246,50540
1071302,1579,16342,5957
3343596,10480,257227,25472
69079,4077,217919,2250
58080680,1104,373321,154341
223525,7700,20098,812
9714,5732,50623,10
257874,1851,86856,4896
1074087,88745,305374,4631
917829,45110,123094,2904
0,0,3183,0
47194,429,83530,529
5049736,33,219779,765
19209,18871,34540,34
425198,1263,22055,2412
5149558,5394,36755,15307
58080684,1104,373321,154341
53858,1120,70694,205
15809287,6826,318216,104351
61330,115,21418,524
3145,1345,3163,95
3692240,406,1262692,26126
34178317,48,8199,39077
3762343,1,122715,4976
25161182,1218,853737,133992
582622,2006,14537,3259
14783,366,15972,37
425198,1263,22055,2412
579203,2267,110516,2919
1502254,347,317494,5517
142828,8912,60281,4391
55970,10183,71045,1314
19159755,1713,426924,106516
684832,33,5302,1712
118577,85,9100,36
455753,1487,94304,3986
293534,1324,10859,1219
1590988,110,158962,9298
9431,9125,52616,341
1691669,5717,269096,18730
58080689,1104,373321,154341
882158,7527,362498,7234
1420835,4768,207107,11910
2028383,1183,352350,13295
13333,3677,34896,472
647706,2033,63131,2706
2229590,0,11211,13164
3426,1566,8854,115
3692240,406,1262692,26126
19159756,1713,426924,106516
15809134,6825,318217,104349
917829,45110,123094,2904
788799,2807,14197,3446
334238,1,130591,431
3141655,865,6618,12135
28066,28519,331990,27
22877,4142,36270,15
178090,0,170984,1028
670495,1057,118263,6747
369028,5662,13169,2619
78800,2207,52412,1259
294621,976,49583,1879
128874,2124,189123,1329
17475802,488,384875,65506
187358,924,163255,3762
1319186,791,81151,9476
1105833,2588,21686,3775
315605,568,80597,1603
15809295,6826,318218,104350
2233242,2180,39055,5367
1455168,3474,53784,4044
175311,72,712,488
252,172,59,1
1221606,1637,109939,11149
21639835,262,466905,71697
53396,1869,85897,1472
1074089,88745,305374,4632
800416,889,6695,2666
1672340,10933,32149,8507
1485979,251,28037,3403
1846049,2969,10108,4815
560161,613,84047,7606
1485979,251,28037,3403
1179431,488,256616,6316
7,1,48,0
11358633,5586,600214,82371
2722,4222,45297,9
1219430,654,36427,1200
8545579,807,683222,58016
61345,1091,24997,206
1546946,514,41116,2231
34178427,48,8199,39078
223524,7700,20099,812
747336,53,43018,10199
538114,1322,68250,6450
247336,44213,82771,862
25160805,1218,853739,133987
5878908,59,14498,11672
17115863,373,672518,4919
803782,1087,485330,10561
13908054,93,491778,48741
3410892,24090,22785,14494
1283721,586,37916,7318
2660589,10993,470462,20732
505977,1010,282912,6932
2901,1743,4217,59
6919523,0,557740,6103
759427,1461,437294,3169
2488071,1070,21459,8520
10623355,4623,19579,51616
2575485,775,375703,8397
1452424,1076,17587,12211
24550,7273,36883,663
36913,153,82003,689
4412501,459,5725,10314
4634438,1628,361495,43607
1293156,880,26008,5980
1405107,6797,347238,9398
489545,3000,6967,2452
2551201,4460,35134,8546
301455,5221,30653,731
19203,13898,89997,22
2934506,1618,49411,11712
4192787,431,50825,13879
426071,3000,47429,1256
5207672,768,848924,7563
158499,3579,6794,1645
25555876,11,24081,18002
8621954,590,335419,55929
54024,2719,16037,1369
58080780,1104,373321,154342
64135,55963,37293,55
244543,13682,252621,1602
464255,1944,29001,1209
143,173,42689,4
1691669,5717,269096,18730
3933896,7058,432856,35575
2355527,5045,41394,13747
4466,1251,5040,36
1374801,1728,48081,9305
2775001,241080,373186,18508
361476,2088,27240,2295
2355527,5045,41394,13747
230505,3929,292186,4958
473018,1433,96951,3417
180620,3728,49208,563
25160808,1218,853739,133987
113186,5861,20195,1039
4365795,296,1014761,29066
2742956,1289,238760,9877
3473,661,4217,18
3933896,7058,432857,35575
471465,1022,7512,1114
3095555,686,419445,21671
27046,307,10972,850
1418,1524,49361,0
2660593,10993,470462,20732
4634491,1628,361495,43603
38708,10905,20107,71
8621957,590,335419,55929
160895,531,11062,1659
917831,45110,123094,2904
1642458,500,17875,6037
1221606,1637,109939,11149
113710,11444,44744,887
18016,2686,26726,293
1221606,1637,109939,11149
190585,1666,76437,4257
738127,1467,103572,6402
490,1227,3446,1
1283625,586,37916,7322
4381622,338,211874,21974
50581,1923,20214,304
75753,3541,64343,2221
1375114,1026,382365,22887
7769522,23,522632,30028
7769522,23,522632,30028
172071,3221,211635,4714
92096,101051,68160,145
105059,2506,7922,2243
100041,262,108332,67
3552667,1514,37407,34832
8245798,1391,797216,66397
9103546,1857,338247,50540
2551201,4460,35134,8546
651578,1667,412013,2403
2395,739,14274,44
3539954,1816,1067715,6341
58080807,1104,373321,154342
1319203,791,81151,9475
1179422,488,256616,6316
216789,17891,191443,1462
63059359,121,77789,193057
25160810,1218,853740,133987
3697491,413,709485,35369
58080808,1104,373321,154342
935514,17,121576,8192
1269944,7912,41907,9196
4365796,296,1014761,29066
47820,2241,19217,554
19159664,1713,426925,106520
5844039,10,18674,20184
112702,3031,5123,1160
1074092,88745,305373,4632
2499756,4433,113925,10644
58080810,1104,373321,154342
4,12,1808,0
229,912,2935,3
189162,3721,55090,3932
1732159,1541,32572,5277
25555873,11,24081,18002
2171053,377,224386,6963
6098,219,949,6
237661,6374,124558,1331
2120881,2035,13814,8998
2788888,966,18900,8320
1626851,9823,84851,852
154941,67323,100994,359
1455686,3474,53784,4045
2934503,1618,49411,11709
453781,31175,126794,1409
4365797,296,1014761,29066
25555873,11,24081,18002
716591,5516,50856,7264
1274074,1275,33656,10118
434469,5925,78905,1331
4702591,790,278971,30206
196180,155178,110233,2771
1221606,1637,109939,11149
1269944,7912,41907,9196
81690,1394,29895,1829
32638,4454,38907,290
2742956,1289,238760,9877
36857,4747,17491,1105
15052,4060,8972,169
29486,26105,87430,23
1761351,195438,51378,5240
244330,4823,211116,1366
3692235,406,1262695,26128
4365797,296,1014761,29066
877297,1690,45329,5033
417125,679,283746,3414
2706968,1460,7530,23050
301811,219,4731,689
64041,1115,39148,901
345686,1896,135683,4670
708630,1070,46704,7868
26416,2816,5720,212
154033,1199,15467,4091
4412464,459,5725,10316
186596,5506,18164,1852
69799,795,23579,442
596074,38046,11605,385
8621927,590,335419,55930
8347,9023,31848,8
1319203,791,81151,9475
7485,1058,22312,154
4192815,431,50825,13879
882163,7527,362499,7234
4365799,296,1014761,29066
95630,2348,30966,1094
8621960,590,335419,55927
25555873,11,24081,18002
395493,1407,87429,3628
31720,19496,24367,55
425197,1263,22055,2412
395545,178,13087,2122
110472,1072,23829,2960
58080829,1104,373322,154342
58080830,1104,373322,154342
2661994,2396,23723,5868
124682,823,7274,1159
76573,2463,127527,1056
36491139,18,345843,131166
113351,3319,77933,2060
34178503,48,8199,39078
223527,7700,20099,812
1028231,2482,39224,4288
58080832,1104,373322,154342
971442,65202,333104,3199
3863,3917,218864,4
2028407,1183,352350,13295
32888,1834,61540,375
162205,92403,147397,232
659499,459,95377,7029
6259733,670,775474,8853
34178510,48,8199,39078
4634443,1628,361495,43607
2120875,2035,13814,8995
36260,3270,473891,186
971442,65202,333104,3199
941503,3087,149870,1764
9103550,1857,338247,50538
9384,704,4658,363
3623337,6828,76021,33779
122305,769,16457,321
3410899,24090,22785,14494
334241,1,130591,431
331307,3474,48990,4374
38037,1657,90068,265
4365838,296,1014762,29069
247450,56429,66819,1332
2551202,4460,35134,8546
181286,2200,19601,874
725,287,8666,1
9103550,1857,338247,50538
882166,7527,362499,7234
3963,1063,17091,147
3542759,567,305333,37389
1455693,3474,53784,4045
34178528,48,8199,39078
774301,120429,121984,3293
548626,10316,243358,1784
10623468,4623,19579,51615
1269944,7912,41907,9196
34177214,48,8199,39076
3410900,24090,22785,14494
393496,6062,13739,2730
426072,3000,47429,1256
47360,131,13192,156
252043,11947,42315,1246
41858,18934,226355,2
34,21,56,0
58080842,1104,373322,154342
9596003,1079,28777,35867
64135,55963,37293,55
4915099,3,56667,21728
606091,258,9249,3972
58080842,1104,373322,154342
17064048,14,937553,14165
2028388,1183,352350,13295
10473565,1060,746402,69133
1074093,88745,305373,4632
88459,93,10999,867
