neg,neu,pos,compound
0.0,1.0,0.0,0.0
0.145,0.725,0.13,-0.1531
0.273,0.727,0.0,-0.8555
0.0,1.0,0.0,0.0
0.423,0.577,0.0,-0.6597
0.141,0.763,0.096,-0.3182
0.0,1.0,0.0,0.0
0.0,1.0,0.0,0.0
0.322,0.678,0.0,-0.765
0.0,0.934,0.066,0.3875
0.0,0.874,0.126,0.7096
0.082,0.874,0.044,-0.194
0.0,1.0,0.0,0.0
0.0,0.893,0.107,0.5719
0.211,0.789,0.0,-0.8779
0.425,0.377,0.198,-0.5267
0.087,0.913,0.0,-0.2732
0.0,1.0,0.0,0.0
0.0,0.823,0.177,0.4215
0.0,1.0,0.0,0.0
0.0,0.573,0.427,0.8979
0.157,0.654,0.188,0.4118
0.0,0.871,0.129,0.7096
0.0,1.0,0.0,0.0
0.0,1.0,0.0,0.0
0.153,0.792,0.055,-0.6037
0.0,0.947,0.053,0.128
0.0,0.968,0.032,0.0772
0.0,0.679,0.321,0.6369
0.279,0.721,0.0,-0.7351
0.229,0.613,0.158,-0.5569
0.0,0.715,0.285,0.6114
0.123,0.695,0.182,0.3818
0.0,0.859,0.141,0.6249
0.062,0.77,0.168,0.5927
0.045,0.899,0.056,0.128
0.148,0.764,0.088,-0.5813
0.147,0.755,0.098,-0.5683
0.094,0.85,0.057,-0.4278
0.204,0.628,0.168,-0.1779
0.29,0.668,0.041,-0.8689
0.0,0.894,0.106,0.3612
0.076,0.924,0.0,-0.2023
0.143,0.705,0.152,0.1431
0.0,1.0,0.0,0.0
0.281,0.719,0.0,-0.765
0.192,0.808,0.0,-0.6124
0.0,0.698,0.302,0.5994
0.283,0.717,0.0,-0.7964
0.0,1.0,0.0,0.0
0.0,1.0,0.0,0.0
0.171,0.829,0.0,-0.4389
0.064,0.851,0.085,0.2263
0.0,0.923,0.077,0.1531
0.2,0.8,0.0,-0.5423
0.0,1.0,0.0,0.0
0.0,1.0,0.0,0.0
0.0,0.775,0.225,0.8678
0.167,0.833,0.0,-0.296
0.2,0.8,0.0,-0.3612
0.1,0.9,0.0,-0.4404
0.039,0.909,0.052,0.1561
0.0,0.862,0.138,0.6652
0.104,0.822,0.073,-0.5255
0.068,0.862,0.07,0.0258
0.139,0.696,0.165,0.1531
0.25,0.75,0.0,-0.907
0.24,0.76,0.0,-0.6249
0.0,0.745,0.255,0.836
0.0,0.743,0.257,0.6187
0.099,0.901,0.0,-0.4927
0.284,0.647,0.07,-0.9052
0.129,0.66,0.211,0.3612
0.0,1.0,0.0,0.0
0.39,0.506,0.105,-0.9509
0.0,0.714,0.286,0.5574
0.198,0.711,0.091,-0.4019
0.045,0.869,0.086,0.25
0.0,1.0,0.0,0.0
0.224,0.683,0.093,-0.8182
0.293,0.707,0.0,-0.9337
0.057,0.817,0.126,0.3107
0.0,1.0,0.0,0.0
0.0,0.964,0.036,0.0772
0.0,0.902,0.098,0.4824
0.0,1.0,0.0,0.0
0.0,1.0,0.0,0.0
0.097,0.903,0.0,-0.4404
0.0,1.0,0.0,0.0
0.0,1.0,0.0,0.0
0.069,0.868,0.062,-0.0772
0.227,0.724,0.05,-0.8832
0.102,0.762,0.137,0.0258
0.0,0.915,0.085,0.3612
0.0,0.753,0.247,0.5574
0.257,0.702,0.042,-0.866
0.066,0.934,0.0,-0.0516
0.087,0.849,0.064,-0.25
0.106,0.792,0.102,-0.0258
0.39,0.61,0.0,-0.4939
0.183,0.784,0.034,-0.8402
0.121,0.879,0.0,-0.5106
0.122,0.57,0.308,0.8007
0.0,0.915,0.085,0.0772
0.216,0.784,0.0,-0.7845
0.087,0.783,0.13,0.4404
0.106,0.792,0.102,-0.0258
0.423,0.577,0.0,-0.296
0.06,0.94,0.0,-0.4215
0.029,0.769,0.202,0.6705
0.0,0.841,0.159,0.5574
0.0,1.0,0.0,0.0
0.106,0.894,0.0,-0.2235
0.267,0.678,0.054,-0.875
0.0,0.58,0.42,0.4404
0.0,0.913,0.087,0.3182
0.112,0.71,0.178,0.4019
0.236,0.627,0.137,-0.6478
0.178,0.822,0.0,-0.3818
0.0,0.727,0.273,0.7579
0.0,1.0,0.0,0.0
0.259,0.741,0.0,-0.9402
0.0,1.0,0.0,0.0
0.0,0.935,0.065,0.4019
0.193,0.807,0.0,-0.4767
0.0,0.758,0.242,0.4939
0.231,0.769,0.0,-0.3612
0.128,0.872,0.0,-0.296
0.119,0.693,0.188,0.5499
0.0,0.809,0.191,0.5106
0.0,0.942,0.058,0.3818
0.077,0.771,0.152,0.5267
0.142,0.791,0.067,-0.6484
0.184,0.816,0.0,-0.7684
0.089,0.911,0.0,-0.2249
0.183,0.621,0.196,0.2023
0.0,1.0,0.0,0.0
0.109,0.839,0.052,-0.3612
0.071,0.829,0.099,0.0943
0.077,0.923,0.0,-0.4588
0.296,0.704,0.0,-0.2732
0.089,0.862,0.049,-0.4682
0.0,0.777,0.223,0.4871
0.0,1.0,0.0,0.0
0.0,0.888,0.112,0.4404
0.195,0.746,0.059,-0.5207
0.0,0.81,0.19,0.8544
0.276,0.724,0.0,-0.8812
0.192,0.808,0.0,-0.2263
0.146,0.684,0.171,0.0839
0.0,1.0,0.0,0.0
0.0,0.377,0.623,0.5106
0.0,0.965,0.035,0.0387
0.417,0.583,0.0,-0.8402
0.0,0.612,0.388,0.8588
0.0,1.0,0.0,0.0
0.248,0.642,0.11,-0.4053
0.0,0.87,0.13,0.2263
0.0,1.0,0.0,0.0
0.102,0.898,0.0,-0.6249
0.0,1.0,0.0,0.0
0.082,0.761,0.158,0.4215
0.0,0.823,0.177,0.4215
0.0,1.0,0.0,0.0
0.277,0.723,0.0,-0.8025
0.0,0.738,0.262,0.4939
0.228,0.604,0.168,-0.2263
0.0,0.835,0.165,0.784
0.134,0.766,0.1,-0.2263
0.05,0.919,0.031,-0.1779
0.368,0.632,0.0,-0.7506
0.19,0.81,0.0,-0.8402
0.11,0.758,0.132,0.0516
0.121,0.764,0.115,-0.0258
0.0,1.0,0.0,0.0
0.143,0.526,0.331,0.6027
0.0,1.0,0.0,0.0
0.061,0.848,0.091,0.2824
0.0,1.0,0.0,0.0
0.143,0.738,0.119,-0.3498
0.0,0.918,0.082,0.4826
0.0,1.0,0.0,0.0
0.0,1.0,0.0,0.0
0.0,1.0,0.0,0.0
0.175,0.825,0.0,-0.8074
0.0,1.0,0.0,0.0
0.0,0.909,0.091,0.3612
0.226,0.657,0.117,-0.2482
0.375,0.625,0.0,-0.802
0.078,0.922,0.0,-0.1531
0.0,1.0,0.0,0.0
0.258,0.515,0.227,-0.0772
0.0,0.84,0.16,0.803
0.0,1.0,0.0,0.0
0.0,1.0,0.0,0.0
0.303,0.697,0.0,-0.7269
0.265,0.623,0.113,-0.5994
0.257,0.679,0.064,-0.7506
0.052,0.948,0.0,-0.0516
0.059,0.713,0.228,0.7964
0.055,0.878,0.067,0.1363
0.062,0.88,0.058,-0.0387
0.17,0.83,0.0,-0.5994
0.106,0.799,0.095,-0.101
0.0,1.0,0.0,0.0
0.0,0.932,0.068,0.4019
0.0,0.847,0.153,0.2023
0.17,0.737,0.093,-0.34
0.0,0.816,0.184,0.5574
0.142,0.709,0.149,0.0772
0.0,1.0,0.0,0.0
0.0,0.872,0.128,0.2263
0.216,0.784,0.0,-0.296
0.227,0.773,0.0,-0.8176
0.0,0.731,0.269,0.7964
0.067,0.839,0.094,0.2023
0.101,0.899,0.0,-0.6298
0.217,0.644,0.139,-0.4627
0.0,1.0,0.0,0.0
0.0,0.839,0.161,0.3612
0.0,0.903,0.097,0.4767
0.072,0.928,0.0,-0.3612
0.0,0.855,0.145,0.4404
0.106,0.81,0.085,-0.2565
0.06,0.857,0.084,0.296
0.0,1.0,0.0,0.0
0.0,0.872,0.128,0.2263
0.25,0.75,0.0,-0.9062
0.266,0.685,0.049,-0.8779
0.263,0.624,0.113,-0.7579
0.079,0.921,0.0,-0.3839
0.145,0.777,0.078,-0.3182
0.131,0.869,0.0,-0.6808
0.116,0.805,0.079,-0.4576
0.0,0.789,0.211,0.4939
0.21,0.696,0.094,-0.8271
0.253,0.747,0.0,-0.7783
0.0,0.895,0.105,0.4019
0.0,0.811,0.189,0.4215
0.0,1.0,0.0,0.0
0.068,0.843,0.089,-0.2415
0.084,0.802,0.115,0.2023
0.035,0.938,0.027,-0.0941
0.302,0.698,0.0,-0.5994
0.0,0.896,0.104,0.1027
0.0,1.0,0.0,0.0
0.0,1.0,0.0,0.0
0.378,0.622,0.0,-0.8074
0.0,1.0,0.0,0.0
0.315,0.559,0.126,-0.8957
0.0,1.0,0.0,0.0
0.0,1.0,0.0,0.0
0.194,0.806,0.0,-0.8555
0.0,1.0,0.0,0.0
0.148,0.852,0.0,-0.3071
0.219,0.781,0.0,-0.4939
0.0,0.741,0.259,0.8807
0.0,0.942,0.058,0.4019
0.0,0.865,0.135,0.3612
0.098,0.756,0.146,0.2263
0.0,0.886,0.114,0.5574
0.136,0.864,0.0,-0.7003
0.0,1.0,0.0,0.0
0.0,0.893,0.107,0.4767
0.0,0.871,0.129,0.5106
0.0,0.914,0.086,0.4767
0.121,0.879,0.0,-0.296
0.391,0.609,0.0,-0.7906
0.0,1.0,0.0,0.0
0.0,1.0,0.0,0.0
0.0,0.89,0.11,0.4939
0.0,1.0,0.0,0.0
0.198,0.692,0.11,-0.6808
0.0,0.757,0.243,0.9171
0.0,1.0,0.0,0.0
0.151,0.849,0.0,-0.4767
0.133,0.867,0.0,-0.6705
0.093,0.907,0.0,-0.2846
0.0,0.881,0.119,0.4767
0.0,1.0,0.0,0.0
0.0,1.0,0.0,0.0
0.092,0.802,0.106,0.1779
0.0,1.0,0.0,0.0
0.175,0.688,0.138,-0.1531
0.123,0.877,0.0,-0.2755
0.0,0.82,0.18,0.5709
0.169,0.831,0.0,-0.6239
0.0,1.0,0.0,0.0
0.0,1.0,0.0,0.0
0.136,0.864,0.0,-0.296
0.103,0.69,0.207,0.6705
0.128,0.745,0.128,0.0
0.231,0.769,0.0,-0.8316
0.082,0.918,0.0,-0.3612
0.06,0.94,0.0,-0.4019
0.216,0.784,0.0,-0.8553
0.356,0.644,0.0,-0.8555
0.073,0.831,0.097,0.2617
0.05,0.81,0.14,0.6249
0.0,0.889,0.111,0.4588
0.241,0.707,0.052,-0.7351
0.227,0.773,0.0,-0.5267
0.0,0.821,0.179,0.5411
0.119,0.721,0.16,0.2732
0.0,0.954,0.046,0.0258
0.058,0.942,0.0,-0.296
0.0,0.828,0.172,0.3612
0.0,0.85,0.15,0.7729
0.0,0.398,0.602,0.891
0.0,0.958,0.042,0.1779
0.168,0.737,0.095,-0.5994
0.0,0.913,0.087,0.3182
0.115,0.795,0.09,0.0258
0.0,1.0,0.0,0.0
0.0,0.851,0.149,0.4215
0.144,0.856,0.0,-0.4939
0.0,1.0,0.0,0.0
0.316,0.684,0.0,-0.5719
0.145,0.855,0.0,-0.296
0.098,0.764,0.138,0.1779
0.218,0.782,0.0,-0.5994
0.0,1.0,0.0,0.0
0.323,0.677,0.0,-0.7351
0.0,0.813,0.187,0.6486
0.16,0.84,0.0,-0.2263
0.0,0.907,0.093,0.5574
0.0,1.0,0.0,0.0
0.0,1.0,0.0,0.0
0.174,0.826,0.0,-0.2755
0.308,0.692,0.0,-0.5994
0.05,0.653,0.297,0.8977
0.0,1.0,0.0,0.0
0.3,0.559,0.141,-0.4528
0.306,0.694,0.0,-0.915
0.0,0.814,0.186,0.4939
0.0,1.0,0.0,0.0
0.341,0.659,0.0,-0.9618
0.0,1.0,0.0,0.0
0.0,0.778,0.222,0.5719
0.281,0.719,0.0,-0.8625
0.0,1.0,0.0,0.0
0.0,0.351,0.649,0.5719
0.0,1.0,0.0,0.0
0.0,0.764,0.236,0.8126
0.0,1.0,0.0,0.0
0.155,0.688,0.157,0.0296
0.0,1.0,0.0,0.0
0.024,0.809,0.166,0.745
0.0,1.0,0.0,0.0
0.209,0.791,0.0,-0.765
0.25,0.658,0.092,-0.8126
0.08,0.92,0.0,-0.1027
0.0,1.0,0.0,0.0
0.0,1.0,0.0,0.0
0.115,0.885,0.0,-0.296
0.075,0.925,0.0,-0.1779
0.15,0.85,0.0,-0.6662
0.462,0.538,0.0,-0.6486
0.048,0.789,0.163,0.743
0.08,0.92,0.0,-0.5106
0.0,1.0,0.0,0.0
0.0,1.0,0.0,0.0
0.294,0.706,0.0,-0.6326
0.164,0.836,0.0,-0.5423
0.4,0.6,0.0,-0.8402
0.0,1.0,0.0,0.0
0.154,0.812,0.034,-0.7964
0.251,0.668,0.081,-0.8658
0.0,0.905,0.095,0.4767
0.0,0.717,0.283,0.9451
0.0,0.886,0.114,0.7096
0.225,0.775,0.0,-0.4939
0.187,0.813,0.0,-0.7351
0.171,0.829,0.0,-0.8728
0.0,1.0,0.0,0.0
0.0,1.0,0.0,0.0
0.262,0.595,0.143,-0.4588
0.345,0.655,0.0,-0.6461
0.159,0.841,0.0,-0.6486
0.0,1.0,0.0,0.0
0.173,0.738,0.089,-0.3182
0.0,0.951,0.049,0.1027
0.081,0.919,0.0,-0.5574
0.0,1.0,0.0,0.0
0.0,1.0,0.0,0.0
0.219,0.781,0.0,-0.3052
0.216,0.784,0.0,-0.296
0.04,0.96,0.0,-0.2023
0.0,1.0,0.0,0.0
0.095,0.905,0.0,-0.296
0.0,0.942,0.058,0.0772
0.0,0.825,0.175,0.1779
0.0,1.0,0.0,0.0
0.078,0.88,0.042,-0.1901
0.0,0.71,0.29,0.9336
0.132,0.772,0.096,-0.2732
0.147,0.763,0.09,-0.4215
0.0,0.925,0.075,0.4767
0.0,1.0,0.0,0.0
0.161,0.839,0.0,-0.3612
0.128,0.872,0.0,-0.296
0.146,0.854,0.0,-0.34
0.185,0.735,0.079,-0.5574
0.0,1.0,0.0,0.0
0.263,0.737,0.0,-0.7579
0.0,1.0,0.0,0.0
0.114,0.664,0.222,0.6908
0.0,1.0,0.0,0.0
0.136,0.66,0.204,0.4939
0.037,0.817,0.146,0.6458
0.0,1.0,0.0,0.0
0.0,1.0,0.0,0.0
0.156,0.75,0.094,-0.4708
0.314,0.523,0.163,-0.5106
0.0,1.0,0.0,0.0
0.159,0.785,0.056,-0.6114
0.176,0.824,0.0,-0.5719
0.0,1.0,0.0,0.0
0.0,1.0,0.0,0.0
0.0,1.0,0.0,0.0
0.0,1.0,0.0,0.0
0.0,0.82,0.18,0.6809
0.074,0.839,0.087,0.1027
0.0,1.0,0.0,0.0
0.06,0.94,0.0,-0.3182
0.0,1.0,0.0,0.0
0.331,0.551,0.119,-0.7184
0.0,1.0,0.0,0.0
0.0,0.806,0.194,0.5897
0.226,0.67,0.104,-0.8001
0.125,0.875,0.0,-0.4019
0.0,1.0,0.0,0.0
0.072,0.928,0.0,-0.5267
0.0,1.0,0.0,0.0
0.061,0.865,0.074,0.0644
0.0,0.792,0.208,0.6369
0.0,1.0,0.0,0.0
0.147,0.853,0.0,-0.5849
0.0,1.0,0.0,0.0
0.125,0.815,0.06,-0.4639
0.0,1.0,0.0,0.0
0.0,1.0,0.0,0.0
0.221,0.702,0.077,-0.8316
0.0,0.879,0.121,0.7251
0.122,0.797,0.082,-0.25
0.143,0.778,0.08,-0.5312
0.0,1.0,0.0,0.0
0.067,0.933,0.0,-0.3612
0.0,0.86,0.14,0.4767
0.0,1.0,0.0,0.0
0.055,0.85,0.095,0.204
0.148,0.632,0.22,0.4059
0.1,0.68,0.221,0.7707
0.0,0.804,0.196,0.743
0.0,1.0,0.0,0.0
0.135,0.865,0.0,-0.4404
0.0,0.75,0.25,0.7184
0.047,0.905,0.047,0.0
0.355,0.645,0.0,-0.296
0.164,0.767,0.068,-0.5423
0.419,0.581,0.0,-0.7579
0.0,1.0,0.0,0.0
0.331,0.61,0.059,-0.891
0.113,0.887,0.0,-0.4019
0.102,0.898,0.0,-0.43
0.0,1.0,0.0,0.0
0.135,0.835,0.029,-0.6908
0.091,0.705,0.204,0.7269
0.0,1.0,0.0,0.0
0.0,0.758,0.242,0.8074
0.0,1.0,0.0,0.0
0.153,0.847,0.0,-0.7506
0.0,0.835,0.165,0.7845
0.0,0.857,0.143,0.3612
0.0,1.0,0.0,0.0
0.0,0.919,0.081,0.3182
0.0,1.0,0.0,0.0
0.357,0.643,0.0,-0.9041
0.0,1.0,0.0,0.0
0.234,0.673,0.094,-0.7003
0.0,1.0,0.0,0.0
0.0,0.902,0.098,0.0772
0.0,1.0,0.0,0.0
0.196,0.804,0.0,-0.296
0.0,0.848,0.152,0.6124
0.316,0.684,0.0,-0.5719
0.248,0.752,0.0,-0.5106
0.08,0.856,0.064,-0.1531
0.0,1.0,0.0,0.0
0.0,1.0,0.0,0.0
0.097,0.812,0.091,-0.0516
0.153,0.694,0.153,-0.25
0.0,1.0,0.0,0.0
0.0,0.708,0.292,0.7345
0.0,0.779,0.221,0.5043
0.254,0.616,0.13,-0.3885
0.0,0.787,0.213,0.8706
0.0,1.0,0.0,0.0
0.057,0.843,0.1,0.2247
0.0,0.939,0.061,0.0772
0.0,0.812,0.188,0.7579
0.0,1.0,0.0,0.0
0.0,1.0,0.0,0.0
0.06,0.842,0.098,0.2732
0.0,1.0,0.0,0.0
0.0,1.0,0.0,0.0
0.0,1.0,0.0,0.0
0.215,0.524,0.262,-0.0258
0.159,0.841,0.0,-0.6486
0.0,0.85,0.15,0.3182
0.105,0.895,0.0,-0.25
0.0,0.881,0.119,0.2263
0.184,0.727,0.088,-0.5719
0.194,0.806,0.0,-0.8024
0.0,1.0,0.0,0.0
0.212,0.788,0.0,-0.6249
0.099,0.743,0.158,0.296
0.0,1.0,0.0,0.0
0.0,0.723,0.277,0.3182
0.096,0.817,0.087,-0.0772
0.0,1.0,0.0,0.0
0.277,0.591,0.132,-0.4939
0.055,0.831,0.114,0.3182
0.049,0.911,0.04,-0.1027
0.0,1.0,0.0,0.0
0.0,1.0,0.0,0.0
0.115,0.885,0.0,-0.5283
0.04,0.886,0.074,0.3506
0.053,0.671,0.276,0.875
0.0,0.713,0.287,0.8971
0.208,0.792,0.0,-0.3875
0.211,0.789,0.0,-0.7184
0.0,0.905,0.095,0.2263
0.155,0.845,0.0,-0.296
0.052,0.66,0.288,0.875
0.221,0.779,0.0,-0.78
0.0,0.625,0.375,0.5859
0.0,0.806,0.194,0.7906
0.0,0.892,0.108,0.6633
0.131,0.771,0.098,-0.0772
0.0,1.0,0.0,0.0
0.0,1.0,0.0,0.0
0.139,0.861,0.0,-0.4404
0.456,0.544,0.0,-0.7717
0.123,0.877,0.0,-0.5423
0.133,0.492,0.375,0.8327
0.291,0.709,0.0,-0.3156
0.0,1.0,0.0,0.0
0.187,0.813,0.0,-0.8301
0.231,0.769,0.0,-0.8402
0.0,1.0,0.0,0.0
0.0,0.902,0.098,0.3818
0.0,0.758,0.242,0.9202
0.0,1.0,0.0,0.0
0.114,0.758,0.128,0.0772
0.0,0.93,0.07,0.5023
0.298,0.702,0.0,-0.6711
0.0,0.829,0.171,0.4767
0.259,0.741,0.0,-0.4215
0.059,0.703,0.238,0.7474
0.051,0.809,0.14,0.5267
0.173,0.827,0.0,-0.3182
0.0,0.894,0.106,0.0772
0.0,0.513,0.487,0.5859
0.0,0.903,0.097,0.128
0.136,0.864,0.0,-0.296
0.122,0.878,0.0,-0.3612
0.188,0.524,0.288,0.2263
0.044,0.907,0.048,0.0516
0.189,0.811,0.0,-0.4215
0.0,1.0,0.0,0.0
0.307,0.653,0.04,-0.8555
0.0,0.596,0.404,0.9584
0.224,0.776,0.0,-0.3818
0.0,0.94,0.06,0.2023
0.383,0.617,0.0,-0.4767
0.125,0.816,0.059,-0.4391
0.165,0.638,0.197,0.4151
0.06,0.762,0.178,0.5233
0.151,0.766,0.082,-0.7003
0.049,0.681,0.27,0.8932
0.398,0.602,0.0,-0.6808
0.119,0.881,0.0,-0.3182
0.136,0.864,0.0,-0.5267
0.263,0.653,0.084,-0.81
0.0,1.0,0.0,0.0
0.224,0.776,0.0,-0.3818
0.314,0.686,0.0,-0.7506
0.0,1.0,0.0,0.0
0.079,0.863,0.058,-0.2247
0.573,0.427,0.0,-0.7717
0.0,1.0,0.0,0.0
0.181,0.731,0.088,-0.5267
0.083,0.759,0.157,0.6124
0.115,0.723,0.162,0.2263
0.0,0.947,0.053,0.0772
0.0,1.0,0.0,0.0
0.0,0.68,0.32,0.9192
0.038,0.89,0.072,0.3818
0.0,0.92,0.08,0.4939
0.058,0.807,0.135,0.4019
0.0,1.0,0.0,0.0
0.0,0.884,0.116,0.6077
0.167,0.833,0.0,-0.5574
0.108,0.823,0.07,-0.0516
0.0,0.948,0.052,0.2732
0.0,1.0,0.0,0.0
0.115,0.885,0.0,-0.0772
0.097,0.829,0.073,-0.25
0.0,0.925,0.075,0.296
0.0,0.958,0.042,0.2382
0.379,0.476,0.144,-0.936
0.126,0.874,0.0,-0.3182
0.0,1.0,0.0,0.0
0.125,0.803,0.072,-0.5346
0.154,0.605,0.24,0.5267
0.0,1.0,0.0,0.0
0.0,0.756,0.244,0.7003
0.0,0.598,0.402,0.9086
0.196,0.804,0.0,-0.296
0.155,0.845,0.0,-0.5106
0.231,0.706,0.063,-0.7707
0.067,0.776,0.157,0.6351
0.054,0.843,0.103,0.2617
0.151,0.798,0.05,-0.5859
0.109,0.842,0.048,-0.4404
0.0,1.0,0.0,0.0
0.124,0.789,0.086,-0.2634
0.0,1.0,0.0,0.0
0.181,0.725,0.094,-0.4404
0.113,0.653,0.234,0.7269
0.0,1.0,0.0,0.0
0.0,1.0,0.0,0.0
0.0,1.0,0.0,0.0
0.0,0.9,0.1,0.25
0.199,0.749,0.051,-0.7845
0.0,1.0,0.0,0.0
0.123,0.728,0.149,-0.296
0.059,0.62,0.321,0.8932
0.0,0.787,0.213,0.4019
0.0,1.0,0.0,0.0
0.0,0.633,0.367,0.4404
0.167,0.833,0.0,-0.296
0.0,0.95,0.05,0.3818
0.0,0.743,0.257,0.9349
0.161,0.709,0.129,-0.4215
0.081,0.919,0.0,-0.296
0.167,0.833,0.0,-0.4588
0.0,1.0,0.0,0.0
0.181,0.819,0.0,-0.4767
0.297,0.616,0.087,-0.936
0.188,0.812,0.0,-0.8591
0.0,0.891,0.109,0.4215
0.163,0.72,0.117,-0.296
0.093,0.835,0.072,-0.2263
0.0,0.763,0.237,0.4215
0.162,0.838,0.0,-0.7003
0.08,0.746,0.174,0.6759
0.133,0.867,0.0,-0.25
0.0,1.0,0.0,0.0
0.0,1.0,0.0,0.0
0.162,0.838,0.0,-0.4019
0.0,0.914,0.086,0.5267
0.0,1.0,0.0,0.0
0.0,1.0,0.0,0.0
0.0,0.903,0.097,0.4019
0.0,1.0,0.0,0.0
0.0,0.941,0.059,0.3382
0.0,1.0,0.0,0.0
0.097,0.812,0.091,-0.0516
0.127,0.674,0.199,0.5859
0.0,1.0,0.0,0.0
0.0,0.866,0.134,0.4767
0.056,0.784,0.16,0.3182
0.046,0.924,0.03,-0.1779
0.0,0.928,0.072,0.3612
0.087,0.913,0.0,-0.4497
0.0,1.0,0.0,0.0
0.06,0.94,0.0,-0.2732
0.0,0.943,0.057,0.3612
0.044,0.956,0.0,-0.0387
0.322,0.678,0.0,-0.6908
0.131,0.78,0.089,-0.0516
0.137,0.739,0.124,0.0772
0.643,0.357,0.0,-0.5574
0.0,0.676,0.324,0.9413
0.095,0.905,0.0,-0.3182
0.0,0.828,0.172,0.8176
0.141,0.565,0.294,0.4019
0.0,0.721,0.279,0.4753
0.087,0.913,0.0,-0.296
0.0,0.667,0.333,0.6696
0.141,0.859,0.0,-0.624
0.161,0.839,0.0,-0.3182
0.079,0.88,0.041,-0.4053
0.106,0.694,0.2,0.3182
0.283,0.717,0.0,-0.7579
0.248,0.752,0.0,-0.9259
0.299,0.562,0.139,-0.8689
0.0,0.756,0.244,0.6369
0.0,1.0,0.0,0.0
0.099,0.901,0.0,-0.5574
0.0,1.0,0.0,0.0
0.0,0.896,0.104,0.296
0.0,0.538,0.462,0.938
0.371,0.629,0.0,-0.7096
0.0,0.936,0.064,0.0258
0.237,0.763,0.0,-0.7351
0.0,1.0,0.0,0.0
0.054,0.784,0.162,0.6124
0.0,1.0,0.0,0.0
0.279,0.625,0.096,-0.8316
0.041,0.642,0.317,0.9113
0.292,0.708,0.0,-0.7351
0.245,0.755,0.0,-0.8297
0.0,0.641,0.359,0.4215
0.0,1.0,0.0,0.0
0.085,0.878,0.037,-0.4767
0.0,1.0,0.0,0.0
0.0,1.0,0.0,0.0
0.0,0.862,0.138,0.6808
0.0,1.0,0.0,0.0
0.248,0.752,0.0,-0.765
0.15,0.85,0.0,-0.4572
0.153,0.71,0.137,-0.0772
0.0,0.872,0.128,0.2263
0.083,0.707,0.21,0.743
0.061,0.864,0.076,0.1406
0.255,0.745,0.0,-0.8625
0.0,1.0,0.0,0.0
0.06,0.819,0.122,0.3274
0.0,0.954,0.046,0.1027
0.346,0.654,0.0,-0.5719
0.13,0.757,0.113,-0.1164
0.101,0.899,0.0,-0.5574
0.419,0.581,0.0,-0.8779
0.177,0.823,0.0,-0.4215
0.186,0.621,0.192,0.0258
0.0,0.9,0.1,0.2235
0.0,1.0,0.0,0.0
0.0,0.828,0.172,0.4404
0.0,1.0,0.0,0.0
0.0,1.0,0.0,0.0
0.193,0.807,0.0,-0.4767
0.081,0.75,0.169,0.34
0.111,0.78,0.109,-0.0258
0.247,0.753,0.0,-0.5574
0.046,0.907,0.046,0.0
0.104,0.896,0.0,-0.5423
0.0,1.0,0.0,0.0
0.0,0.833,0.167,0.7372
0.0,1.0,0.0,0.0
0.047,0.907,0.046,-0.0056
0.065,0.777,0.158,0.5563
0.211,0.789,0.0,-0.4939
0.229,0.771,0.0,-0.8782
0.0,0.808,0.192,0.6844
0.034,0.703,0.263,0.8567
0.037,0.963,0.0,-0.0516
0.0,1.0,0.0,0.0
0.0,0.915,0.085,0.0772
0.0,1.0,0.0,0.0
0.136,0.864,0.0,-0.4588
0.124,0.732,0.144,0.1779
0.0,1.0,0.0,0.0
0.0,0.748,0.252,0.6597
0.16,0.812,0.028,-0.7717
0.188,0.732,0.08,-0.4745
0.0,1.0,0.0,0.0
0.05,0.95,0.0,-0.3182
0.167,0.833,0.0,-0.6369
0.275,0.643,0.082,-0.8612
0.0,1.0,0.0,0.0
0.0,1.0,0.0,0.0
0.138,0.799,0.063,-0.6124
0.0,1.0,0.0,0.0
0.0,1.0,0.0,0.0
0.16,0.755,0.085,-0.3818
0.155,0.811,0.034,-0.6597
0.0,1.0,0.0,0.0
0.083,0.917,0.0,-0.4588
0.052,0.948,0.0,-0.1531
0.267,0.733,0.0,-0.9201
0.231,0.769,0.0,-0.5574
0.073,0.927,0.0,-0.296
0.095,0.905,0.0,-0.5574
0.148,0.806,0.046,-0.7096
0.0,1.0,0.0,0.0
0.137,0.73,0.133,-0.0258
0.157,0.843,0.0,-0.6808
0.0,1.0,0.0,0.0
0.0,1.0,0.0,0.0
0.321,0.508,0.171,-0.714
0.14,0.673,0.188,0.2323
0.0,0.964,0.036,0.1027
0.0,1.0,0.0,0.0
0.116,0.677,0.207,0.4278
0.055,0.901,0.044,-0.128
0.31,0.69,0.0,-0.743
0.252,0.748,0.0,-0.8779
0.0,0.783,0.217,0.5574
0.0,0.903,0.097,0.4019
0.119,0.881,0.0,-0.3182
0.0,0.92,0.08,0.3804
0.0,1.0,0.0,0.0
0.136,0.72,0.144,0.3313
0.08,0.802,0.118,0.228
0.034,0.66,0.306,0.9216
0.139,0.796,0.065,-0.6681
0.113,0.709,0.177,0.2023
0.196,0.639,0.164,0.0772
0.171,0.829,0.0,-0.7783
0.07,0.93,0.0,-0.2732
0.0,0.868,0.132,0.5267
0.0,1.0,0.0,0.0
0.148,0.66,0.192,0.4939
0.056,0.869,0.075,-0.0547
0.0,1.0,0.0,0.0
0.0,1.0,0.0,0.0
0.0,1.0,0.0,0.0
0.17,0.768,0.063,-0.6486
0.095,0.762,0.143,0.2714
0.0,1.0,0.0,0.0
0.077,0.831,0.092,0.128
0.218,0.782,0.0,-0.836
0.11,0.698,0.192,0.34
0.0,0.709,0.291,0.5719
0.373,0.627,0.0,-0.9584
0.0,1.0,0.0,0.0
0.172,0.828,0.0,-0.4404
0.0,1.0,0.0,0.0
0.078,0.783,0.139,0.4588
0.35,0.65,0.0,-0.8934
0.0,1.0,0.0,0.0
0.0,1.0,0.0,0.0
0.148,0.852,0.0,-0.8316
0.0,1.0,0.0,0.0
0.066,0.934,0.0,-0.3818
0.0,0.917,0.083,0.4019
0.049,0.921,0.029,-0.2263
0.0,1.0,0.0,0.0
0.079,0.881,0.041,-0.296
0.0,0.935,0.065,0.4215
0.095,0.905,0.0,-0.296
0.205,0.795,0.0,-0.5574
0.0,0.816,0.184,0.2023
0.0,1.0,0.0,0.0
0.156,0.805,0.039,-0.6705
0.345,0.655,0.0,-0.9545
0.0,1.0,0.0,0.0
0.092,0.848,0.06,-0.2263
0.176,0.789,0.035,-0.8625
0.0,0.718,0.282,0.7096
0.364,0.636,0.0,-0.8625
0.062,0.787,0.151,0.4019
0.0,0.85,0.15,0.3182
0.068,0.653,0.279,0.8552
0.05,0.776,0.174,0.6997
0.108,0.892,0.0,-0.6249
0.085,0.791,0.124,0.2023
0.211,0.65,0.139,-0.5574
0.071,0.735,0.194,0.6369
0.13,0.87,0.0,-0.4019
0.288,0.712,0.0,-0.8271
0.0,1.0,0.0,0.0
0.328,0.672,0.0,-0.9615
0.11,0.89,0.0,-0.5859
0.039,0.961,0.0,-0.0387
0.0,0.856,0.144,0.4939
0.0,1.0,0.0,0.0
0.13,0.87,0.0,-0.4404
0.331,0.579,0.091,-0.4404
0.0,0.915,0.085,0.3818
0.08,0.698,0.222,0.7841
0.0,1.0,0.0,0.0
0.196,0.804,0.0,-0.5267
0.0,0.946,0.054,0.1511
0.0,1.0,0.0,0.0
0.271,0.729,0.0,-0.7717
0.298,0.702,0.0,-0.5267
0.0,0.877,0.123,0.6369
0.29,0.71,0.0,-0.6486
0.117,0.824,0.059,-0.4019
0.0,1.0,0.0,0.0
0.205,0.624,0.171,-0.2263
0.259,0.612,0.129,-0.2023
0.178,0.674,0.147,-0.1901
0.145,0.855,0.0,-0.296
0.198,0.802,0.0,-0.4939
0.0,0.771,0.229,0.8442
0.0,1.0,0.0,0.0
0.0,0.872,0.128,0.2263
0.0,1.0,0.0,0.0
0.0,0.898,0.102,0.5267
0.0,1.0,0.0,0.0
0.289,0.711,0.0,-0.7269
0.0,1.0,0.0,0.0
0.052,0.742,0.205,0.7906
0.224,0.52,0.256,0.1613
0.05,0.772,0.178,0.6705
0.315,0.685,0.0,-0.9691
0.089,0.911,0.0,-0.6369
0.0,1.0,0.0,0.0
0.0,0.92,0.08,0.0772
0.0,1.0,0.0,0.0
0.0,1.0,0.0,0.0
0.121,0.879,0.0,-0.296
0.115,0.654,0.231,0.4588
0.0,1.0,0.0,0.0
0.0,1.0,0.0,0.0
0.341,0.659,0.0,-0.4767
0.05,0.847,0.103,0.3818
0.153,0.796,0.051,-0.7184
0.057,0.943,0.0,-0.2732
0.0,0.915,0.085,0.3818
0.0,0.831,0.169,0.6234
0.297,0.703,0.0,-0.6705
0.0,1.0,0.0,0.0
0.097,0.903,0.0,-0.1027
0.0,0.823,0.177,0.4215
0.0,0.909,0.091,0.2263
0.0,1.0,0.0,0.0
0.0,1.0,0.0,0.0
0.0,0.868,0.132,0.5423
0.16,0.84,0.0,-0.7152
0.38,0.62,0.0,-0.8481
0.0,1.0,0.0,0.0
0.066,0.934,0.0,-0.4019
0.0,0.638,0.362,0.5267
0.0,0.952,0.048,0.2732
0.0,1.0,0.0,0.0
0.0,1.0,0.0,0.0
0.0,1.0,0.0,0.0
0.103,0.764,0.133,0.1779
0.076,0.722,0.203,0.5719
0.36,0.64,0.0,-0.7351
0.056,0.774,0.17,0.6486
0.052,0.787,0.161,0.6486
0.126,0.874,0.0,-0.3818
0.0,1.0,0.0,0.0
0.146,0.854,0.0,-0.34
0.152,0.804,0.044,-0.6408
0.0,0.778,0.222,0.9104
0.0,1.0,0.0,0.0
0.283,0.599,0.118,-0.8625
0.179,0.713,0.108,-0.5996
0.091,0.853,0.056,-0.3182
0.145,0.855,0.0,-0.6249
0.0,1.0,0.0,0.0
0.121,0.778,0.101,-0.2902
0.0,0.867,0.133,0.6369
0.0,1.0,0.0,0.0
0.265,0.735,0.0,-0.9246
0.0,1.0,0.0,0.0
0.0,1.0,0.0,0.0
0.0,1.0,0.0,0.0
0.263,0.737,0.0,-0.3612
0.196,0.647,0.157,-0.212
0.0,1.0,0.0,0.0
0.058,0.838,0.104,0.1531
0.0,1.0,0.0,0.0
0.157,0.843,0.0,-0.7579
0.178,0.696,0.126,-0.296
0.31,0.437,0.253,-0.3182
0.2,0.559,0.241,0.1027
0.0,1.0,0.0,0.0
0.0,1.0,0.0,0.0
0.0,0.755,0.245,0.6369
0.197,0.739,0.064,-0.5719
0.105,0.831,0.064,-0.128
0.0,0.911,0.089,0.3252
0.0,1.0,0.0,0.0
0.0,1.0,0.0,0.0
0.0,0.878,0.122,0.3595
0.0,0.816,0.184,0.357
0.412,0.588,0.0,-0.5423
0.17,0.83,0.0,-0.802
0.145,0.613,0.242,0.6915
0.073,0.798,0.129,0.128
0.143,0.713,0.145,0.0085
0.0,1.0,0.0,0.0
0.096,0.66,0.244,0.6553
0.123,0.802,0.074,-0.3818
0.111,0.455,0.434,0.7506
0.055,0.748,0.197,0.5563
0.173,0.827,0.0,-0.3182
0.0,1.0,0.0,0.0
0.0,1.0,0.0,0.0
0.153,0.847,0.0,-0.8225
0.202,0.798,0.0,-0.6486
0.381,0.619,0.0,-0.8126
0.0,1.0,0.0,0.0
0.103,0.827,0.07,-0.3182
0.07,0.755,0.175,0.4703
0.063,0.937,0.0,-0.4023
0.379,0.621,0.0,-0.7269
0.152,0.725,0.122,-0.3239
0.0,1.0,0.0,0.0
0.312,0.688,0.0,-0.872
0.0,1.0,0.0,0.0
0.0,0.853,0.147,0.6597
0.0,0.774,0.226,0.8591
0.0,1.0,0.0,0.0
0.385,0.524,0.091,-0.8126
0.0,1.0,0.0,0.0
0.0,1.0,0.0,0.0
0.179,0.821,0.0,-0.34
0.193,0.725,0.082,-0.4145
0.278,0.722,0.0,-0.6757
0.227,0.658,0.115,-0.8793
0.066,0.844,0.091,0.0516
0.0,1.0,0.0,0.0
0.0,0.825,0.175,0.5574
0.344,0.491,0.165,-0.4588
0.0,0.747,0.253,0.624
0.091,0.909,0.0,-0.2732
0.0,1.0,0.0,0.0
0.233,0.691,0.076,-0.8237
0.0,1.0,0.0,0.0
0.077,0.923,0.0,-0.4404
0.0,0.914,0.086,0.6545
0.057,0.813,0.129,0.3612
0.0,1.0,0.0,0.0
0.0,1.0,0.0,0.0
0.241,0.676,0.083,-0.7845
0.0,1.0,0.0,0.0
0.34,0.66,0.0,-0.7717
0.222,0.707,0.071,-0.6996
0.0,0.89,0.11,0.6486
0.254,0.652,0.094,-0.6597
0.251,0.532,0.217,-0.2263
0.074,0.926,0.0,-0.6124
0.174,0.826,0.0,-0.7455
0.182,0.818,0.0,-0.4404
0.139,0.633,0.228,0.1027
0.0,0.794,0.206,0.69
0.0,1.0,0.0,0.0
0.064,0.894,0.041,-0.1655
0.0,1.0,0.0,0.0
0.0,0.707,0.293,0.7003
0.326,0.674,0.0,-0.9578
0.357,0.643,0.0,-0.6633
0.036,0.842,0.123,0.6945
0.212,0.788,0.0,-0.875
0.202,0.745,0.053,-0.7003
0.135,0.725,0.14,0.0258
0.0,1.0,0.0,0.0
0.134,0.746,0.119,-0.1027
0.108,0.892,0.0,-0.6249
0.0,1.0,0.0,0.0
0.085,0.915,0.0,-0.3818
0.482,0.462,0.056,-0.9855
0.0,0.961,0.039,0.222
0.179,0.821,0.0,-0.807
0.118,0.882,0.0,-0.6521
0.128,0.872,0.0,-0.296
0.53,0.47,0.0,-0.9744
0.0,1.0,0.0,0.0
0.128,0.872,0.0,-0.4767
0.209,0.757,0.034,-0.7717
0.0,1.0,0.0,0.0
0.0,0.872,0.128,0.2263
0.22,0.732,0.048,-0.7978
0.081,0.858,0.061,-0.2023
0.18,0.758,0.063,-0.5267
0.184,0.816,0.0,-0.8402
0.098,0.902,0.0,-0.1531
0.0,1.0,0.0,0.0
0.077,0.813,0.11,0.1935
0.085,0.915,0.0,-0.3612
0.096,0.812,0.092,-0.0258
0.126,0.728,0.146,0.1027
0.0,1.0,0.0,0.0
0.257,0.743,0.0,-0.9343
0.202,0.798,0.0,-0.6808
0.2,0.8,0.0,-0.5423
0.154,0.846,0.0,-0.25
0.146,0.854,0.0,-0.34
0.0,0.924,0.076,0.2023
0.298,0.702,0.0,-0.6249
0.165,0.788,0.047,-0.743
0.0,0.886,0.114,0.4019
0.0,0.936,0.064,0.368
0.304,0.696,0.0,-0.5859
0.088,0.781,0.131,0.2883
0.022,0.769,0.209,0.851
0.0,1.0,0.0,0.0
0.193,0.807,0.0,-0.8225
0.0,1.0,0.0,0.0
0.102,0.898,0.0,-0.431
0.0,0.739,0.261,0.9068
0.156,0.636,0.207,0.4497
0.0,1.0,0.0,0.0
0.205,0.795,0.0,-0.7351
0.254,0.746,0.0,-0.7003
0.0,1.0,0.0,0.0
0.294,0.706,0.0,-0.9133
0.0,0.815,0.185,0.3612
0.0,0.875,0.125,0.4588
0.201,0.759,0.04,-0.7096
0.178,0.656,0.166,0.2228
0.0,0.862,0.138,0.4939
0.053,0.728,0.218,0.7783
0.337,0.663,0.0,-0.6808
0.114,0.886,0.0,-0.4767
0.0,1.0,0.0,0.0
0.0,0.865,0.135,0.6808
0.118,0.838,0.045,-0.5859
0.35,0.578,0.072,-0.891
0.115,0.819,0.066,-0.3328
0.086,0.914,0.0,-0.2263
0.0,0.925,0.075,0.3818
0.081,0.758,0.161,0.3412
0.0,1.0,0.0,0.0
0.126,0.874,0.0,-0.3182
0.232,0.768,0.0,-0.7765
0.242,0.601,0.157,-0.6114
0.0,1.0,0.0,0.0
0.0,1.0,0.0,0.0
0.0,0.881,0.119,0.1901
0.0,0.899,0.101,0.4019
0.0,1.0,0.0,0.0
0.053,0.906,0.041,-0.1388
0.202,0.595,0.202,0.0
0.165,0.668,0.166,-0.2382
0.05,0.847,0.103,0.3818
0.0,1.0,0.0,0.0
0.0,0.743,0.257,0.7088
0.188,0.618,0.195,0.0772
0.0,0.482,0.518,0.9169
0.0,1.0,0.0,0.0
0.136,0.864,0.0,-0.4199
0.217,0.723,0.06,-0.4939
0.0,0.818,0.182,0.5994
0.0,0.817,0.183,0.7034
0.0,0.856,0.144,0.2924
0.286,0.714,0.0,-0.4588
0.0,1.0,0.0,0.0
0.089,0.81,0.101,0.1027
0.167,0.833,0.0,-0.4939
0.24,0.76,0.0,-0.6249
0.245,0.716,0.039,-0.7845
0.326,0.556,0.118,-0.9201
0.076,0.877,0.047,-0.3818
0.074,0.778,0.148,0.4404
0.034,0.937,0.029,-0.0562
0.208,0.792,0.0,-0.7983
0.0,1.0,0.0,0.0
0.293,0.648,0.059,-0.8225
0.156,0.844,0.0,-0.7906
0.0,0.837,0.163,0.8126
0.078,0.922,0.0,-0.1779
0.13,0.87,0.0,-0.2732
0.426,0.574,0.0,-0.836
0.168,0.659,0.173,-0.1779
0.277,0.44,0.283,0.0516
0.165,0.772,0.062,-0.4215
0.055,0.851,0.093,0.2263
0.0,0.769,0.231,0.5574
0.0,0.942,0.058,0.0772
0.0,0.899,0.101,0.4215
0.0,0.843,0.157,0.4215
0.147,0.853,0.0,-0.69
0.0,0.799,0.201,0.8074
0.0,0.964,0.036,0.0772
0.202,0.798,0.0,-0.3182
0.207,0.558,0.235,0.1779
0.075,0.879,0.045,-0.296
0.091,0.761,0.149,0.3818
0.0,1.0,0.0,0.0
0.0,0.957,0.043,0.2057
0.1,0.818,0.082,-0.1779
0.424,0.576,0.0,-0.8834
0.0,0.846,0.154,0.4767
0.0,1.0,0.0,0.0
0.206,0.712,0.082,-0.5106
0.143,0.772,0.085,-0.3818
0.0,1.0,0.0,0.0
0.266,0.734,0.0,-0.7845
0.0,1.0,0.0,0.0
0.0,1.0,0.0,0.0
0.091,0.909,0.0,-0.4767
0.0,1.0,0.0,0.0
0.379,0.538,0.083,-0.8061
0.0,1.0,0.0,0.0
0.245,0.755,0.0,-0.3818
0.0,0.815,0.185,0.3612
0.233,0.72,0.047,-0.8689
0.069,0.824,0.106,0.1027
0.545,0.455,0.0,-0.8126
0.226,0.61,0.165,-0.25
0.079,0.863,0.058,-0.2263
0.0,0.893,0.107,0.0516
0.0,1.0,0.0,0.0
0.049,0.727,0.224,0.7997
0.0,0.544,0.456,0.6908
0.0,0.771,0.229,0.8316
0.064,0.859,0.077,-0.1027
0.0,0.914,0.086,0.34
0.177,0.823,0.0,-0.6249
0.0,1.0,0.0,0.0
0.096,0.812,0.091,-0.3008
0.0,1.0,0.0,0.0
0.0,0.749,0.251,0.9081
0.068,0.932,0.0,-0.34
0.0,0.843,0.157,0.4186
0.065,0.861,0.074,0.0772
0.13,0.87,0.0,-0.6908
0.147,0.853,0.0,-0.6908
0.0,0.752,0.248,0.5096
0.062,0.938,0.0,-0.25
0.0,0.806,0.194,0.34
0.094,0.685,0.221,0.5526
0.347,0.653,0.0,-0.7845
0.169,0.831,0.0,-0.7269
0.0,0.795,0.205,0.2023
0.0,1.0,0.0,0.0
0.074,0.888,0.037,-0.3182
0.0,1.0,0.0,0.0
0.103,0.824,0.074,-0.1144
0.091,0.909,0.0,-0.296
0.189,0.69,0.121,-0.2946
0.1,0.9,0.0,-0.2732
0.103,0.897,0.0,-0.128
0.194,0.806,0.0,-0.4824
0.0,1.0,0.0,0.0
0.12,0.88,0.0,-0.6705
0.193,0.63,0.176,0.1531
0.0,1.0,0.0,0.0
0.049,0.951,0.0,-0.2263
0.0,1.0,0.0,0.0
0.0,1.0,0.0,0.0
0.0,1.0,0.0,0.0
0.0,0.795,0.205,0.4767
0.212,0.788,0.0,-0.5903
0.129,0.871,0.0,-0.6983
0.06,0.848,0.092,0.2023
0.0,1.0,0.0,0.0
0.223,0.777,0.0,-0.8166
0.149,0.72,0.131,0.0
0.0,1.0,0.0,0.0
0.337,0.602,0.061,-0.9283
0.117,0.769,0.114,-0.2732
0.124,0.818,0.059,-0.4767
0.157,0.661,0.182,0.0772
0.304,0.696,0.0,-0.5423
0.174,0.826,0.0,-0.2263
0.09,0.776,0.135,0.2732
0.072,0.928,0.0,-0.1419
0.0,1.0,0.0,0.0
0.0,1.0,0.0,0.0
0.0,0.848,0.152,0.7906
0.0,1.0,0.0,0.0
0.259,0.714,0.026,-0.9081
0.0,1.0,0.0,0.0
0.451,0.549,0.0,-0.9413
0.0,1.0,0.0,0.0
0.0,1.0,0.0,0.0
0.167,0.833,0.0,-0.529
0.0,1.0,0.0,0.0
0.217,0.783,0.0,-0.5574
0.0,1.0,0.0,0.0
0.216,0.687,0.097,-0.4857
0.103,0.897,0.0,-0.3182
0.0,0.894,0.106,0.5859
0.0,1.0,0.0,0.0
0.0,0.6,0.4,0.9694
0.081,0.782,0.137,0.3382
0.0,0.977,0.023,0.0258
0.259,0.741,0.0,-0.5423
0.0,1.0,0.0,0.0
0.0,1.0,0.0,0.0
0.0,0.936,0.064,0.3818
0.0,0.956,0.044,0.2235
0.14,0.86,0.0,-0.5994
0.0,1.0,0.0,0.0
0.057,0.59,0.352,0.9517
0.202,0.634,0.165,-0.5362
0.0,1.0,0.0,0.0
0.0,0.84,0.16,0.5803
0.0,1.0,0.0,0.0
0.0,1.0,0.0,0.0
0.153,0.784,0.063,-0.5106
0.09,0.874,0.036,-0.128
0.0,1.0,0.0,0.0
0.0,0.885,0.115,0.7476
0.0,1.0,0.0,0.0
0.0,1.0,0.0,0.0
0.34,0.511,0.148,-0.5795
0.077,0.563,0.359,0.6124
0.123,0.877,0.0,-0.7096
0.048,0.901,0.051,0.0258
0.057,0.837,0.106,0.4619
0.0,0.955,0.045,0.1531
0.0,1.0,0.0,0.0
0.0,1.0,0.0,0.0
0.136,0.864,0.0,-0.296
0.0,0.906,0.094,0.4404
0.0,1.0,0.0,0.0
0.0,1.0,0.0,0.0
0.12,0.82,0.06,-0.4019
0.084,0.864,0.052,-0.2808
0.0,0.891,0.109,0.4019
0.0,0.893,0.107,0.34
0.368,0.632,0.0,-0.7906
0.066,0.634,0.3,0.7964
0.423,0.577,0.0,-0.765
0.0,1.0,0.0,0.0
0.168,0.832,0.0,-0.807
0.041,0.737,0.223,0.872
0.0,1.0,0.0,0.0
0.096,0.774,0.13,0.1926
0.083,0.873,0.044,-0.4215
0.247,0.67,0.083,-0.7927
0.233,0.687,0.081,-0.6249
0.0,1.0,0.0,0.0
0.0,0.808,0.192,0.666
0.0,1.0,0.0,0.0
0.0,0.828,0.172,0.3612
0.075,0.867,0.058,-0.2023
0.297,0.703,0.0,-0.6705
0.388,0.612,0.0,-0.6908
0.0,0.857,0.143,0.3612
0.0,1.0,0.0,0.0
0.0,1.0,0.0,0.0
0.0,1.0,0.0,0.0
0.0,0.879,0.121,0.4404
0.0,1.0,0.0,0.0
0.315,0.685,0.0,-0.7845
0.0,0.814,0.186,0.8625
0.0,0.724,0.276,0.6369
0.0,0.838,0.162,0.4019
0.0,0.934,0.066,0.34
0.0,1.0,0.0,0.0
0.0,0.889,0.111,0.3612
0.187,0.813,0.0,-0.8316
0.156,0.844,0.0,-0.3802
0.228,0.674,0.098,-0.7964
0.039,0.767,0.195,0.861
0.0,0.909,0.091,0.296
0.212,0.788,0.0,-0.9072
0.0,1.0,0.0,0.0
0.288,0.712,0.0,-0.8834
0.0,1.0,0.0,0.0
0.036,0.846,0.118,0.5992
0.0,0.885,0.115,0.3612
0.264,0.736,0.0,-0.8658
0.167,0.732,0.102,-0.3818
0.0,1.0,0.0,0.0
0.228,0.772,0.0,-0.7351
0.167,0.833,0.0,-0.6808
0.0,1.0,0.0,0.0
0.0,1.0,0.0,0.0
0.252,0.604,0.145,-0.7304
0.0,0.889,0.111,0.128
0.073,0.852,0.075,0.0258
0.26,0.592,0.148,-0.2263
0.0,0.707,0.293,0.4404
0.126,0.826,0.048,-0.5574
0.262,0.738,0.0,-0.5994
0.0,0.802,0.198,0.4939
0.045,0.767,0.188,0.8204
0.0,0.839,0.161,0.3612
0.0,0.803,0.197,0.4019
0.144,0.856,0.0,-0.69
0.0,0.954,0.046,0.128
0.0,0.944,0.056,0.3612
0.157,0.843,0.0,-0.6908
0.131,0.828,0.041,-0.5859
0.118,0.882,0.0,-0.6369
0.0,0.827,0.173,0.3182
0.0,1.0,0.0,0.0
0.191,0.783,0.025,-0.802
0.319,0.623,0.058,-0.9318
0.154,0.741,0.105,-0.2185
0.0,0.898,0.102,0.6369
0.118,0.882,0.0,-0.4215
0.0,1.0,0.0,0.0
0.309,0.576,0.115,-0.9413
0.0,1.0,0.0,0.0
0.196,0.804,0.0,-0.6597
0.0,0.926,0.074,0.4391
0.0,1.0,0.0,0.0
0.114,0.657,0.229,0.5634
0.17,0.83,0.0,-0.5719
0.332,0.607,0.061,-0.9468
0.0,0.753,0.247,0.5574
0.0,0.912,0.088,0.2263
0.0,0.914,0.086,0.4404
0.297,0.636,0.068,-0.7506
0.0,0.913,0.087,0.5574
0.112,0.888,0.0,-0.4404
0.0,1.0,0.0,0.0
0.107,0.893,0.0,-0.0516
0.0,1.0,0.0,0.0
0.0,0.816,0.184,0.4019
0.189,0.811,0.0,-0.4215
0.197,0.722,0.081,-0.6705
0.206,0.794,0.0,-0.5994
0.0,0.845,0.155,0.7506
0.307,0.693,0.0,-0.7351
0.0,1.0,0.0,0.0
0.157,0.843,0.0,-0.7959
0.244,0.756,0.0,-0.4404
0.106,0.754,0.139,-0.029
0.175,0.825,0.0,-0.5574
0.552,0.448,0.0,-0.5719
0.0,0.814,0.186,0.7964
0.047,0.866,0.087,0.3612
0.0,1.0,0.0,0.0
0.0,0.676,0.324,0.8625
0.0,1.0,0.0,0.0
0.0,1.0,0.0,0.0
0.0,1.0,0.0,0.0
0.0,0.483,0.517,0.7579
0.124,0.79,0.086,-0.2732
0.0,1.0,0.0,0.0
0.112,0.813,0.074,-0.3818
0.0,1.0,0.0,0.0
0.131,0.869,0.0,-0.2755
0.0,0.886,0.114,0.4767
0.178,0.822,0.0,-0.8316
0.182,0.818,0.0,-0.25
0.277,0.723,0.0,-0.9246
0.116,0.815,0.068,-0.0588
0.103,0.897,0.0,-0.34
0.202,0.798,0.0,-0.5106
0.0,1.0,0.0,0.0
0.0,0.954,0.046,0.0258
0.0,1.0,0.0,0.0
0.0,1.0,0.0,0.0
0.094,0.906,0.0,-0.4215
0.0,0.919,0.081,0.296
0.0,0.887,0.113,0.4939
0.125,0.875,0.0,-0.4588
0.116,0.722,0.162,0.4767
0.474,0.526,0.0,-0.6597
0.251,0.681,0.068,-0.7783
0.091,0.909,0.0,-0.5267
0.229,0.771,0.0,-0.8405
0.09,0.856,0.053,-0.3818
0.252,0.705,0.043,-0.881
0.235,0.765,0.0,-0.8544
0.208,0.792,0.0,-0.2732
0.2,0.8,0.0,-0.3612
0.476,0.524,0.0,-0.875
0.0,1.0,0.0,0.0
0.22,0.594,0.185,-0.25
0.364,0.556,0.08,-0.6808
0.384,0.616,0.0,-0.8442
0.08,0.92,0.0,-0.4019
0.129,0.685,0.185,0.2052
0.183,0.726,0.091,-0.4404
0.0,0.761,0.239,0.296
0.129,0.824,0.047,-0.6369
0.0,1.0,0.0,0.0
0.18,0.755,0.065,-0.6688
0.451,0.549,0.0,-0.6249
0.138,0.862,0.0,-0.6286
0.0,0.918,0.082,0.5267
0.268,0.692,0.04,-0.9345
0.0,0.855,0.145,0.8402
0.077,0.771,0.152,0.5423
0.176,0.824,0.0,-0.6808
0.34,0.537,0.122,-0.6669
0.104,0.896,0.0,-0.1027
0.0,0.872,0.128,0.2263
0.0,1.0,0.0,0.0
0.155,0.845,0.0,-0.296
0.0,0.881,0.119,0.4767
0.0,0.925,0.075,0.0772
0.31,0.69,0.0,-0.802
0.0,1.0,0.0,0.0
0.0,1.0,0.0,0.0
0.217,0.573,0.21,-0.0258
0.09,0.794,0.116,0.2732
0.046,0.631,0.323,0.908
0.0,0.745,0.255,0.8835
0.24,0.76,0.0,-0.802
0.0,0.901,0.099,0.5719
0.305,0.628,0.067,-0.8553
0.0,0.894,0.106,0.6523
0.067,0.73,0.203,0.7823
0.231,0.769,0.0,-0.8625
0.375,0.625,0.0,-0.6597
0.141,0.649,0.211,0.3182
0.0,0.817,0.183,0.2003
0.0,0.898,0.102,0.6124
0.246,0.727,0.027,-0.9403
0.0,0.718,0.282,0.6705
0.327,0.673,0.0,-0.8074
0.0,0.919,0.081,0.296
0.0,0.887,0.113,0.3182
0.0,1.0,0.0,0.0
0.171,0.74,0.089,-0.6003
0.076,0.817,0.107,0.0258
0.0,0.906,0.094,0.3612
0.0,1.0,0.0,0.0
0.0,1.0,0.0,0.0
0.126,0.695,0.179,0.5831
0.072,0.928,0.0,-0.4939
0.0,0.9,0.1,0.1695
0.0,1.0,0.0,0.0
0.0,0.958,0.042,0.2263
0.0,1.0,0.0,0.0
0.0,0.818,0.182,0.7269
0.111,0.889,0.0,-0.4588
0.0,1.0,0.0,0.0
0.0,1.0,0.0,0.0
0.102,0.898,0.0,-0.7177
0.182,0.762,0.057,-0.6597
0.0,0.87,0.13,0.34
0.128,0.729,0.142,0.1027
0.135,0.865,0.0,-0.7906
0.0,0.875,0.125,0.5719
0.0,0.896,0.104,0.5574
0.0,0.842,0.158,0.4588
0.0,1.0,0.0,0.0
0.0,0.547,0.453,0.7003
0.0,0.879,0.121,0.357
0.238,0.762,0.0,-0.6124
0.0,0.769,0.231,0.886
0.147,0.656,0.197,0.2444
0.215,0.785,0.0,-0.6249
0.161,0.688,0.151,-0.1226
0.235,0.765,0.0,-0.8225
0.0,1.0,0.0,0.0
0.0,1.0,0.0,0.0
0.152,0.848,0.0,-0.8126
0.136,0.864,0.0,-0.2235
0.158,0.688,0.154,-0.0173
0.068,0.932,0.0,-0.296
0.0,0.933,0.067,0.3818
0.102,0.898,0.0,-0.3818
0.0,1.0,0.0,0.0
0.145,0.744,0.111,-0.2023
0.0,0.847,0.153,0.4404
0.0,0.813,0.187,0.3182
0.0,1.0,0.0,0.0
0.0,0.816,0.184,0.4019
0.198,0.666,0.136,-0.6933
0.0,1.0,0.0,0.0
0.127,0.873,0.0,-0.5423
0.044,0.653,0.303,0.91
0.139,0.667,0.194,0.2263
0.0,1.0,0.0,0.0
0.126,0.7,0.174,0.1779
0.0,1.0,0.0,0.0
0.0,1.0,0.0,0.0
0.0,0.925,0.075,0.3612
0.0,1.0,0.0,0.0
0.0,1.0,0.0,0.0
0.122,0.745,0.133,0.1174
0.0,1.0,0.0,0.0
0.0,1.0,0.0,0.0
0.078,0.922,0.0,-0.3182
0.189,0.811,0.0,-0.2732
0.081,0.807,0.112,0.4019
0.057,0.943,0.0,-0.0516
0.048,0.701,0.251,0.7582
0.0,0.942,0.058,0.1027
0.08,0.92,0.0,-0.2732
0.0,0.795,0.205,0.7712
0.0,0.793,0.207,0.8115
0.0,0.793,0.207,0.8868
0.189,0.623,0.188,-0.0155
0.0,1.0,0.0,0.0
0.345,0.655,0.0,-0.936
0.0,1.0,0.0,0.0
0.144,0.856,0.0,-0.7506
0.207,0.707,0.087,-0.6807
0.206,0.75,0.043,-0.8271
0.202,0.606,0.192,-0.0258
0.247,0.753,0.0,-0.5574
0.23,0.702,0.068,-0.8516
0.0,1.0,0.0,0.0
0.268,0.732,0.0,-0.296
0.0,0.822,0.178,0.7579
0.221,0.625,0.154,-0.34
0.156,0.716,0.127,-0.2732
0.0,0.938,0.062,0.34
0.076,0.924,0.0,-0.5719
0.062,0.817,0.121,0.3182
0.0,0.759,0.241,0.5423
0.106,0.722,0.173,0.5574
0.231,0.769,0.0,-0.5574
0.264,0.736,0.0,-0.7269
0.127,0.61,0.263,0.4404
0.136,0.797,0.067,-0.4166
0.0,0.925,0.075,0.25
0.107,0.893,0.0,-0.4767
0.162,0.705,0.133,-0.1779
0.076,0.88,0.044,-0.2023
0.294,0.706,0.0,-0.6124
0.253,0.723,0.023,-0.8689
0.049,0.897,0.053,0.0516
0.247,0.753,0.0,-0.3182
0.0,0.82,0.18,0.7783
0.105,0.795,0.101,-0.0516
0.121,0.821,0.058,-0.3818
0.0,1.0,0.0,0.0
0.178,0.775,0.047,-0.8442
0.0,1.0,0.0,0.0
0.089,0.655,0.256,0.5177
0.0,0.714,0.286,0.4939
0.0,0.809,0.191,0.8481
0.0,1.0,0.0,0.0
0.0,0.787,0.213,0.7579
0.051,0.801,0.148,0.7469
0.0,0.874,0.126,0.3182
0.0,1.0,0.0,0.0
0.184,0.816,0.0,-0.4019
0.205,0.795,0.0,-0.5574
0.184,0.737,0.079,-0.5093
0.179,0.697,0.124,-0.2732
0.0,0.809,0.191,0.802
0.154,0.721,0.125,-0.3612
0.481,0.519,0.0,-0.7579
0.0,0.877,0.123,0.4215
0.141,0.859,0.0,-0.7351
0.0,0.821,0.179,0.4019
0.0,1.0,0.0,0.0
0.319,0.606,0.075,-0.8922
0.753,0.247,0.0,-0.7269
0.0,1.0,0.0,0.0
0.184,0.816,0.0,-0.5574
0.177,0.823,0.0,-0.6808
0.0,1.0,0.0,0.0
0.0,0.788,0.212,0.6355
0.0,1.0,0.0,0.0
0.141,0.812,0.047,-0.6872
0.053,0.824,0.124,0.3087
0.0,1.0,0.0,0.0
0.166,0.676,0.159,-0.0772
0.516,0.484,0.0,-0.4939
0.068,0.932,0.0,-0.3612
0.085,0.85,0.065,0.0085
0.0,0.769,0.231,0.5574
0.226,0.774,0.0,-0.5423
0.109,0.891,0.0,-0.4019
0.0,1.0,0.0,0.0
0.0,1.0,0.0,0.0
0.0,0.793,0.207,0.5267
0.226,0.774,0.0,-0.5423
0.0,0.773,0.227,0.6249
0.0,1.0,0.0,0.0
0.191,0.744,0.065,-0.7411
0.0,1.0,0.0,0.0
0.0,0.85,0.15,0.5267
0.0,0.872,0.128,0.2263
0.278,0.722,0.0,-0.6124
0.144,0.82,0.036,-0.6597
0.0,1.0,0.0,0.0
0.0,0.731,0.269,0.7096
0.0,0.955,0.045,0.1531
0.392,0.608,0.0,-0.9349
0.391,0.323,0.286,-0.3818
0.147,0.853,0.0,-0.2263
0.068,0.932,0.0,-0.2732
0.064,0.812,0.124,0.34
0.085,0.915,0.0,-0.4184
0.073,0.797,0.13,0.3612
0.034,0.966,0.0,-0.1027
0.0,1.0,0.0,0.0
0.11,0.596,0.294,0.6124
0.0,1.0,0.0,0.0
0.0,0.889,0.111,0.128
0.11,0.759,0.131,0.0227
0.07,0.826,0.103,0.2023
0.0,1.0,0.0,0.0
0.059,0.941,0.0,-0.3182
0.087,0.913,0.0,-0.2732
0.0,0.936,0.064,0.296
0.0,1.0,0.0,0.0
0.0,1.0,0.0,0.0
0.148,0.64,0.212,0.5887
0.218,0.681,0.101,-0.8271
0.251,0.749,0.0,-0.7717
0.163,0.709,0.129,-0.3302
0.153,0.624,0.223,0.1406
0.0,0.709,0.291,0.8126
0.133,0.867,0.0,-0.6214
0.0,1.0,0.0,0.0
0.106,0.806,0.088,-0.2593
0.0,1.0,0.0,0.0
0.248,0.619,0.133,-0.34
0.0,0.962,0.038,0.1027
0.123,0.823,0.054,-0.4939
0.0,0.752,0.248,0.9217
0.268,0.732,0.0,-0.5271
0.241,0.759,0.0,-0.8187
0.119,0.668,0.213,0.5423
0.08,0.818,0.102,0.0
0.0,0.951,0.049,0.3007
0.0,1.0,0.0,0.0
0.246,0.674,0.08,-0.8241
0.135,0.717,0.148,0.0772
0.0,1.0,0.0,0.0
0.0,0.79,0.21,0.6249
0.313,0.664,0.022,-0.9524
0.168,0.832,0.0,-0.4278
0.0,0.725,0.275,0.6486
0.055,0.945,0.0,-0.34
0.0,1.0,0.0,0.0
0.0,0.746,0.254,0.8176
0.506,0.494,0.0,-0.6249
0.156,0.844,0.0,-0.34
0.071,0.825,0.104,0.228
0.0,0.841,0.159,0.5267
0.0,0.942,0.058,0.0258
0.105,0.787,0.109,0.0516
0.115,0.754,0.131,-0.1027
0.126,0.781,0.093,-0.4188
0.0,1.0,0.0,0.0
0.039,0.781,0.18,0.7647
0.097,0.658,0.245,0.5719
0.0,1.0,0.0,0.0
0.0,1.0,0.0,0.0
0.0,1.0,0.0,0.0
0.214,0.725,0.061,-0.813
0.2,0.8,0.0,-0.6124
0.0,0.929,0.071,0.0772
0.0,0.641,0.359,0.6808
0.0,1.0,0.0,0.0
0.079,0.921,0.0,-0.3612
0.0,1.0,0.0,0.0
0.0,1.0,0.0,0.0
0.0,1.0,0.0,0.0
0.224,0.703,0.073,-0.7925
0.0,1.0,0.0,0.0
0.068,0.932,0.0,-0.296
0.0,1.0,0.0,0.0
0.144,0.856,0.0,-0.4019
0.199,0.801,0.0,-0.6369
0.145,0.725,0.13,-0.1531
0.0,0.504,0.496,0.7096
0.0,0.796,0.204,0.8271
0.0,1.0,0.0,0.0
0.419,0.581,0.0,-0.7351
0.0,1.0,0.0,0.0
0.314,0.686,0.0,-0.6705
0.0,0.878,0.122,0.3612
0.189,0.811,0.0,-0.5994
0.301,0.699,0.0,-0.6486
0.0,1.0,0.0,0.0
0.0,0.889,0.111,0.128
0.0,1.0,0.0,0.0
0.309,0.586,0.105,-0.8855
0.0,1.0,0.0,0.0
0.0,0.654,0.346,0.5719
0.0,0.906,0.094,0.4019
0.117,0.816,0.068,-0.3094
0.047,0.827,0.126,0.6597
0.21,0.484,0.306,0.2023
0.0,0.952,0.048,0.0258
0.099,0.901,0.0,-0.2204
0.0,0.812,0.188,0.8402
0.13,0.87,0.0,-0.0516
0.197,0.803,0.0,-0.4019
0.133,0.808,0.059,-0.5267
0.0,1.0,0.0,0.0
0.0,0.909,0.091,0.0772
0.0,0.798,0.202,0.6486
0.061,0.909,0.03,-0.296
0.0,0.952,0.048,0.0772
0.0,1.0,0.0,0.0
0.0,0.852,0.148,0.7096
0.135,0.865,0.0,-0.7797
0.0,0.898,0.102,0.5106
0.0,1.0,0.0,0.0
0.0,1.0,0.0,0.0
0.358,0.642,0.0,-0.5994
0.105,0.813,0.081,-0.0258
0.23,0.77,0.0,-0.6239
0.118,0.815,0.067,-0.34
0.07,0.705,0.225,0.6808
0.226,0.774,0.0,-0.5423
0.0,1.0,0.0,0.0
0.062,0.815,0.123,0.3612
0.0,0.79,0.21,0.8188
0.122,0.878,0.0,-0.5994
0.244,0.655,0.101,-0.5267
0.0,0.9,0.1,0.6124
0.06,0.845,0.095,0.3164
0.0,1.0,0.0,0.0
0.054,0.802,0.144,0.5859
0.074,0.863,0.062,-0.128
0.0,0.847,0.153,0.4404
0.205,0.795,0.0,-0.4767
0.0,0.951,0.049,0.2755
0.145,0.659,0.196,0.0408
0.0,1.0,0.0,0.0
0.103,0.897,0.0,-0.6124
0.0,1.0,0.0,0.0
0.0,1.0,0.0,0.0
0.0,1.0,0.0,0.0
0.0,1.0,0.0,0.0
0.0,1.0,0.0,0.0
0.0,0.839,0.161,0.3182
0.086,0.688,0.226,0.5319
0.0,1.0,0.0,0.0
0.22,0.689,0.091,-0.6908
0.0,0.811,0.189,0.1027
0.245,0.755,0.0,-0.3818
0.067,0.767,0.166,0.6298
0.524,0.476,0.0,-0.5106
0.0,1.0,0.0,0.0
0.152,0.775,0.072,-0.4588
0.195,0.692,0.113,-0.3182
0.0,0.957,0.043,0.0772
0.0,0.864,0.136,0.6767
0.158,0.775,0.067,-0.5267
0.188,0.75,0.062,-0.594
0.0,0.799,0.201,0.6739
0.146,0.754,0.101,-0.4019
0.237,0.763,0.0,-0.7555
0.232,0.718,0.05,-0.765
0.216,0.784,0.0,-0.5106
0.214,0.694,0.092,-0.7206
0.163,0.837,0.0,-0.7913
0.0,1.0,0.0,0.0
0.055,0.945,0.0,-0.0572
0.0,1.0,0.0,0.0
0.0,1.0,0.0,0.0
0.0,0.845,0.155,0.6523
0.0,1.0,0.0,0.0
0.036,0.912,0.051,0.2023
0.18,0.82,0.0,-0.296
0.158,0.738,0.104,-0.3818
0.0,1.0,0.0,0.0
0.0,1.0,0.0,0.0
0.101,0.867,0.032,-0.5267
0.06,0.626,0.314,0.8733
0.076,0.684,0.24,0.8357
0.0,0.856,0.144,0.5704
0.282,0.632,0.086,-0.7235
0.256,0.496,0.248,0.2023
0.0,1.0,0.0,0.0
0.076,0.84,0.084,0.0516
0.0,0.827,0.173,0.7269
0.402,0.598,0.0,-0.6908
0.042,0.763,0.195,0.802
0.082,0.819,0.099,-0.1759
0.0,1.0,0.0,0.0
0.061,0.939,0.0,-0.296
0.0,0.825,0.175,0.8402
0.236,0.764,0.0,-0.8957
0.099,0.843,0.058,-0.4019
0.0,0.957,0.043,0.0772
0.295,0.705,0.0,-0.5574
0.0,1.0,0.0,0.0
0.167,0.833,0.0,-0.3818
0.0,0.871,0.129,0.7579
0.071,0.822,0.107,0.1531
0.094,0.906,0.0,-0.4767
0.811,0.189,0.0,-0.6486
0.103,0.829,0.069,-0.296
0.058,0.942,0.0,-0.2732
0.0,0.934,0.066,0.3818
0.0,1.0,0.0,0.0
0.0,0.793,0.207,0.5256
0.078,0.803,0.119,0.2037
0.0,1.0,0.0,0.0
0.101,0.783,0.115,0.0772
0.0,0.906,0.094,0.4588
0.247,0.753,0.0,-0.5574
0.171,0.829,0.0,-0.5106
0.091,0.742,0.167,0.4188
0.0,0.85,0.15,0.7096
0.105,0.895,0.0,-0.5106
0.0,1.0,0.0,0.0
0.0,1.0,0.0,0.0
0.0,1.0,0.0,0.0
0.132,0.756,0.112,-0.4646
0.285,0.632,0.083,-0.6249
0.082,0.563,0.354,0.91
0.041,0.864,0.095,0.5267
0.0,0.945,0.055,0.4019
0.179,0.737,0.083,-0.6913
0.0,0.809,0.191,0.5106
0.218,0.743,0.038,-0.8402
0.167,0.833,0.0,-0.6367
0.0,0.748,0.252,0.8957
0.242,0.642,0.117,-0.5106
0.144,0.722,0.134,-0.1027
0.241,0.712,0.046,-0.7424
0.164,0.799,0.037,-0.8011
0.0,1.0,0.0,0.0
0.0,1.0,0.0,0.0
0.061,0.802,0.137,0.4939
0.361,0.598,0.041,-0.9306
0.0,1.0,0.0,0.0
0.165,0.725,0.11,-0.4588
0.134,0.866,0.0,-0.4767
0.13,0.87,0.0,-0.2732
0.0,0.824,0.176,0.4939
0.15,0.728,0.121,-0.1531
0.0,0.874,0.126,0.5574
0.167,0.833,0.0,-0.296
0.0,0.833,0.167,0.3818
0.095,0.905,0.0,-0.2263
0.0,1.0,0.0,0.0
0.099,0.825,0.076,-0.1761
0.205,0.795,0.0,-0.8506
0.0,0.693,0.307,0.9537
0.0,0.885,0.115,0.3818
0.362,0.638,0.0,-0.7783
0.187,0.813,0.0,-0.3182
0.0,1.0,0.0,0.0
0.0,1.0,0.0,0.0
0.135,0.807,0.057,-0.5012
0.0,1.0,0.0,0.0
0.0,1.0,0.0,0.0
0.208,0.792,0.0,-0.3875
0.076,0.785,0.139,0.4199
0.209,0.791,0.0,-0.8834
0.259,0.693,0.047,-0.9119
0.244,0.691,0.065,-0.8689
0.0,0.797,0.203,0.5563
0.0,1.0,0.0,0.0
0.0,1.0,0.0,0.0
0.0,1.0,0.0,0.0
0.0,0.622,0.378,0.8176
0.0,1.0,0.0,0.0
0.0,0.841,0.159,0.6486
0.157,0.843,0.0,-0.6249
0.12,0.88,0.0,-0.6249
0.0,0.878,0.122,0.7264
0.046,0.954,0.0,-0.1779
0.0,1.0,0.0,0.0
0.091,0.847,0.062,-0.2263
0.0,0.809,0.191,0.5106
0.0,1.0,0.0,0.0
0.0,0.753,0.247,0.5574
0.251,0.749,0.0,-0.7717
0.08,0.8,0.12,0.2023
0.172,0.828,0.0,-0.6124
0.0,1.0,0.0,0.0
0.754,0.246,0.0,-0.8481
0.252,0.677,0.071,-0.8225
0.0,0.686,0.314,0.6705
0.102,0.898,0.0,-0.3818
0.281,0.719,0.0,-0.6908
0.0,1.0,0.0,0.0
0.146,0.854,0.0,-0.7178
0.222,0.778,0.0,-0.8993
0.0,0.883,0.117,0.5994
0.065,0.833,0.102,0.1531
0.122,0.878,0.0,-0.4404
0.146,0.854,0.0,-0.34
0.082,0.918,0.0,-0.3612
0.0,0.864,0.136,0.6369
0.393,0.476,0.131,-0.6597
0.152,0.621,0.227,0.2718
0.091,0.909,0.0,-0.296
0.375,0.625,0.0,-0.8126
0.0,1.0,0.0,0.0
0.0,0.753,0.247,0.5574
0.208,0.792,0.0,-0.9072
0.0,0.87,0.13,0.2023
0.0,1.0,0.0,0.0
0.134,0.866,0.0,-0.4767
0.071,0.929,0.0,-0.296
0.0,0.731,0.269,0.7096
0.232,0.718,0.05,-0.765
0.0,0.872,0.128,0.296
0.099,0.901,0.0,-0.5267
0.03,0.903,0.067,0.4019
0.08,0.672,0.248,0.6124
0.204,0.707,0.09,-0.8061
0.0,0.94,0.06,0.0857
0.0,1.0,0.0,0.0
0.46,0.54,0.0,-0.9152
0.189,0.811,0.0,-0.4215
0.0,1.0,0.0,0.0
0.0,0.885,0.115,0.0772
0.0,1.0,0.0,0.0
0.0,0.87,0.13,0.2023
0.116,0.679,0.206,0.765
0.167,0.631,0.202,-0.0167
0.134,0.753,0.113,-0.128
0.375,0.625,0.0,-0.8402
0.0,0.961,0.039,0.0772
0.0,1.0,0.0,0.0
0.0,1.0,0.0,0.0
0.238,0.762,0.0,-0.3612
0.061,0.754,0.186,0.6486
0.0,0.905,0.095,0.3506
0.0,1.0,0.0,0.0
0.203,0.608,0.189,-0.0516
0.045,0.717,0.237,0.8994
0.0,0.859,0.141,0.3182
0.047,0.953,0.0,-0.2481
0.276,0.724,0.0,-0.8399
0.0,1.0,0.0,0.0
0.071,0.929,0.0,-0.0772
0.0,0.901,0.099,0.3182
0.091,0.811,0.098,0.1027
0.044,0.852,0.104,0.3818
0.142,0.697,0.161,-0.2944
0.073,0.927,0.0,-0.4291
0.134,0.866,0.0,-0.4767
0.223,0.777,0.0,-0.3182
0.303,0.697,0.0,-0.7684
0.0,1.0,0.0,0.0
0.085,0.823,0.093,-0.1779
0.0,1.0,0.0,0.0
0.0,1.0,0.0,0.0
0.0,1.0,0.0,0.0
0.105,0.895,0.0,-0.4019
0.231,0.769,0.0,-0.5106
0.0,1.0,0.0,0.0
0.203,0.742,0.055,-0.7003
0.0,1.0,0.0,0.0
0.105,0.808,0.086,-0.25
0.185,0.815,0.0,-0.765
0.15,0.85,0.0,-0.1926
0.0,1.0,0.0,0.0
0.0,0.714,0.286,0.5574
0.171,0.829,0.0,-0.6515
0.244,0.756,0.0,-0.4404
0.148,0.852,0.0,-0.6124
0.0,1.0,0.0,0.0
0.0,1.0,0.0,0.0
0.043,0.748,0.209,0.8091
0.221,0.687,0.092,-0.8934
0.0,1.0,0.0,0.0
0.0,1.0,0.0,0.0
0.0,0.903,0.097,0.4767
0.17,0.83,0.0,-0.8402
0.187,0.813,0.0,-0.765
0.0,1.0,0.0,0.0
0.141,0.859,0.0,-0.3182
0.148,0.675,0.177,0.2732
0.0,0.82,0.18,0.5574
0.091,0.909,0.0,-0.4951
0.0,0.917,0.083,0.4019
0.43,0.57,0.0,-0.7783
0.224,0.776,0.0,-0.5994
0.464,0.536,0.0,-0.8316
0.187,0.813,0.0,-0.4404
0.0,1.0,0.0,0.0
0.073,0.794,0.134,0.4019
0.0,0.943,0.057,0.3612
0.0,1.0,0.0,0.0
0.204,0.796,0.0,-0.7506
0.0,0.588,0.412,0.6369
0.108,0.833,0.058,-0.296
0.0,0.505,0.495,0.7088
0.235,0.734,0.031,-0.902
0.372,0.5,0.128,-0.6597
0.312,0.638,0.05,-0.8495
0.0,1.0,0.0,0.0
0.281,0.719,0.0,-0.5994
0.328,0.672,0.0,-0.5994
0.0,0.815,0.185,0.3612
0.244,0.596,0.161,-0.4939
0.114,0.886,0.0,-0.5562
0.08,0.92,0.0,-0.3818
0.0,0.896,0.104,0.4215
0.048,0.952,0.0,-0.0516
0.094,0.824,0.082,-0.1027
0.176,0.824,0.0,-0.4939
0.045,0.732,0.223,0.8494
0.0,0.954,0.046,0.2263
0.0,1.0,0.0,0.0
0.0,0.847,0.153,0.8072
0.131,0.722,0.147,0.1697
0.289,0.711,0.0,-0.6705
0.0,0.896,0.104,0.1027
0.0,0.925,0.075,0.3612
0.163,0.837,0.0,-0.7073
0.0,1.0,0.0,0.0
0.0,1.0,0.0,0.0
0.0,1.0,0.0,0.0
0.114,0.863,0.024,-0.6059
0.0,0.658,0.342,0.8074
0.054,0.886,0.06,0.0516
0.125,0.79,0.085,-0.0772
0.143,0.599,0.258,0.3612
0.354,0.567,0.079,-0.9485
0.0,1.0,0.0,0.0
0.058,0.772,0.17,0.7579
0.362,0.638,0.0,-0.8176
0.047,0.895,0.058,0.128
0.0,0.887,0.113,0.4939
0.211,0.789,0.0,-0.5766
0.083,0.917,0.0,-0.3447
0.312,0.594,0.094,-0.936
0.092,0.847,0.061,-0.3182
0.341,0.659,0.0,-0.6908
0.0,1.0,0.0,0.0
0.0,1.0,0.0,0.0
0.132,0.766,0.102,-0.3612
0.049,0.951,0.0,-0.3182
0.0,1.0,0.0,0.0
0.208,0.686,0.106,-0.6705
0.0,1.0,0.0,0.0
0.371,0.629,0.0,-0.9476
0.099,0.901,0.0,-0.5719
0.117,0.81,0.073,-0.2732
0.226,0.735,0.039,-0.8873
0.558,0.442,0.0,-0.9024
0.096,0.85,0.054,-0.2263
0.0,0.847,0.153,0.5574
0.0,1.0,0.0,0.0
0.121,0.786,0.093,-0.2023
0.194,0.806,0.0,-0.6124
0.0,0.931,0.069,0.3818
0.16,0.663,0.177,0.1531
0.061,0.939,0.0,-0.1531
0.075,0.925,0.0,-0.1779
0.062,0.898,0.04,-0.1779
0.16,0.694,0.146,0.1531
0.146,0.854,0.0,-0.0516
0.0,1.0,0.0,0.0
0.213,0.787,0.0,-0.9022
0.0,1.0,0.0,0.0
0.09,0.833,0.077,-0.1027
0.281,0.719,0.0,-0.9062
0.0,0.829,0.171,0.7184
0.0,0.806,0.194,0.5574
0.0,1.0,0.0,0.0
0.0,0.911,0.089,0.5859
0.0,0.857,0.143,0.4588
0.194,0.806,0.0,-0.6124
0.0,1.0,0.0,0.0
0.0,0.857,0.143,0.4898
0.0,1.0,0.0,0.0
0.145,0.725,0.13,-0.2263
0.074,0.904,0.022,-0.3754
0.091,0.877,0.032,-0.4588
0.072,0.928,0.0,-0.3612
0.138,0.862,0.0,-0.34
0.056,0.891,0.052,-0.0431
0.0,1.0,0.0,0.0
0.0,1.0,0.0,0.0
0.067,0.782,0.152,0.5351
0.0,0.5,0.5,0.4588
0.096,0.858,0.047,-0.4588
0.0,1.0,0.0,0.0
0.0,0.856,0.144,0.6908
0.18,0.82,0.0,-0.296
0.0,1.0,0.0,0.0
0.191,0.809,0.0,-0.3818
0.296,0.704,0.0,-0.743
0.0,1.0,0.0,0.0
0.0,1.0,0.0,0.0
0.0,0.936,0.064,0.3818
0.16,0.84,0.0,-0.4927
0.0,1.0,0.0,0.0
0.0,1.0,0.0,0.0
0.077,0.853,0.07,-0.0772
0.223,0.777,0.0,-0.3182
0.372,0.455,0.174,-0.5859
0.0,0.914,0.086,0.4767
0.0,1.0,0.0,0.0
0.0,0.69,0.31,0.5574
0.429,0.571,0.0,-0.9356
0.0,1.0,0.0,0.0
0.329,0.556,0.116,-0.6808
0.0,0.944,0.056,0.25
0.051,0.949,0.0,-0.4404
0.11,0.599,0.292,0.7556
0.15,0.85,0.0,-0.4588
0.148,0.65,0.202,0.128
0.0,0.795,0.205,0.8625
0.085,0.85,0.065,-0.1531
0.0,1.0,0.0,0.0
0.071,0.929,0.0,-0.1531
0.672,0.328,0.0,-0.6249
0.053,0.885,0.062,0.1027
0.0,0.8,0.2,0.5411
0.0,1.0,0.0,0.0
0.169,0.831,0.0,-0.6486
0.0,1.0,0.0,0.0
0.0,0.835,0.165,0.7957
0.0,0.902,0.098,0.5574
0.358,0.642,0.0,-0.7783
0.06,0.907,0.033,-0.2942
0.145,0.725,0.13,-0.1531
0.096,0.747,0.158,0.0846
0.0,1.0,0.0,0.0
0.0,1.0,0.0,0.0
0.0,1.0,0.0,0.0
0.0,0.933,0.067,0.0772
0.283,0.717,0.0,-0.9008
0.0,1.0,0.0,0.0
0.0,0.68,0.32,0.7901
0.0,1.0,0.0,0.0
0.218,0.634,0.148,-0.5095
0.049,0.951,0.0,-0.296
0.0,0.882,0.118,0.4215
0.204,0.61,0.186,0.0567
0.054,0.754,0.192,0.6769
0.284,0.651,0.065,-0.7236
0.0,0.884,0.116,0.2732
0.0,1.0,0.0,0.0
0.0,0.935,0.065,0.1531
0.0,0.731,0.269,0.5697
0.231,0.769,0.0,-0.5574
0.0,1.0,0.0,0.0
0.0,0.806,0.194,0.7027
0.247,0.753,0.0,-0.5574
0.166,0.834,0.0,-0.6115
0.0,1.0,0.0,0.0
0.083,0.732,0.185,0.4939
0.0,0.956,0.044,0.0772
0.117,0.8,0.084,-0.1144
0.0,1.0,0.0,0.0
0.0,0.931,0.069,0.3182
0.133,0.776,0.092,-0.4588
0.077,0.812,0.111,0.2263
0.0,1.0,0.0,0.0
0.064,0.936,0.0,-0.2263
0.14,0.61,0.25,0.5859
0.079,0.921,0.0,-0.34
0.0,1.0,0.0,0.0
0.0,0.471,0.529,0.6696
0.0,0.905,0.095,0.4215
0.0,0.706,0.294,0.6114
0.134,0.866,0.0,-0.1779
0.095,0.83,0.075,-0.128
0.057,0.943,0.0,-0.4291
0.0,0.963,0.037,0.0772
0.0,1.0,0.0,0.0
0.0,1.0,0.0,0.0
0.0,1.0,0.0,0.0
0.184,0.816,0.0,-0.8402
0.328,0.672,0.0,-0.8313
0.0,0.8,0.2,0.3612
0.0,0.667,0.333,0.8885
0.05,0.847,0.103,0.3818
0.025,0.909,0.066,0.4588
0.0,0.876,0.124,0.5023
0.139,0.737,0.124,-0.2023
0.312,0.63,0.058,-0.8439
0.189,0.703,0.108,-0.3323
0.159,0.841,0.0,-0.5994
0.19,0.59,0.221,0.296
0.19,0.81,0.0,-0.8625
0.0,1.0,0.0,0.0
0.315,0.625,0.06,-0.9186
0.0,1.0,0.0,0.0
0.0,1.0,0.0,0.0
0.0,1.0,0.0,0.0
0.117,0.814,0.069,-0.2263
0.0,0.828,0.172,0.3612
0.125,0.875,0.0,-0.6124
0.045,0.826,0.129,0.6166
0.0,0.915,0.085,0.5719
0.348,0.652,0.0,-0.7506
0.326,0.581,0.094,-0.7351
0.14,0.86,0.0,-0.7351
0.0,1.0,0.0,0.0
0.083,0.848,0.068,-0.1179
0.0,1.0,0.0,0.0
0.161,0.839,0.0,-0.3595
0.142,0.796,0.062,-0.4939
0.061,0.802,0.137,0.4939
0.27,0.73,0.0,-0.5719
0.0,1.0,0.0,0.0
0.078,0.886,0.036,-0.4588
0.202,0.798,0.0,-0.5106
0.167,0.833,0.0,-0.4215
0.0,1.0,0.0,0.0
0.0,1.0,0.0,0.0
0.0,1.0,0.0,0.0
0.04,0.805,0.156,0.6965
0.0,0.906,0.094,0.4404
0.0,0.891,0.109,0.296
0.19,0.81,0.0,-0.7269
0.247,0.707,0.046,-0.8825
0.239,0.761,0.0,-0.6908
0.174,0.826,0.0,-0.2263
0.055,0.878,0.067,-0.1426
0.398,0.602,0.0,-0.5106
0.0,0.968,0.032,0.0964
0.265,0.735,0.0,-0.8207
0.0,1.0,0.0,0.0
0.399,0.601,0.0,-0.6511
0.156,0.655,0.189,0.2263
0.0,0.714,0.286,0.5574
0.0,1.0,0.0,0.0
0.0,0.87,0.13,0.2023
0.0,0.768,0.232,0.6739
0.336,0.664,0.0,-0.7964
0.0,1.0,0.0,0.0
0.354,0.516,0.13,-0.8934
0.052,0.861,0.088,0.2646
0.11,0.796,0.094,-0.2268
0.281,0.719,0.0,-0.6486
0.232,0.664,0.103,-0.5423
0.0,1.0,0.0,0.0
0.133,0.691,0.175,0.128
0.102,0.898,0.0,-0.3818
0.129,0.718,0.153,0.128
0.128,0.872,0.0,-0.296
0.087,0.913,0.0,-0.25
0.167,0.833,0.0,-0.4939
0.077,0.923,0.0,-0.1513
0.165,0.771,0.065,-0.6159
0.0,0.807,0.193,0.6908
0.0,0.838,0.162,0.7964
0.0,1.0,0.0,0.0
0.0,1.0,0.0,0.0
0.13,0.542,0.329,0.6705
0.222,0.698,0.079,-0.5423
0.0,1.0,0.0,0.0
0.072,0.836,0.092,0.1779
0.0,0.836,0.164,0.6908
0.119,0.774,0.106,-0.1027
0.068,0.932,0.0,-0.4588
0.266,0.651,0.083,-0.9022
0.474,0.526,0.0,-0.5574
0.0,1.0,0.0,0.0
0.118,0.756,0.127,0.1027
0.055,0.869,0.077,0.2732
0.148,0.802,0.049,-0.4019
0.0,1.0,0.0,0.0
0.152,0.848,0.0,-0.796
0.109,0.859,0.033,-0.4588
0.081,0.678,0.241,0.7096
0.093,0.801,0.106,0.1027
0.0,1.0,0.0,0.0
0.0,1.0,0.0,0.0
0.0,1.0,0.0,0.0
0.0,0.577,0.423,0.6588
0.306,0.65,0.044,-0.9317
0.0,0.885,0.115,0.1531
0.233,0.767,0.0,-0.5948
0.109,0.812,0.078,-0.1144
0.0,1.0,0.0,0.0
0.0,1.0,0.0,0.0
0.0,0.967,0.033,0.0644
0.381,0.37,0.249,-0.5423
0.056,0.858,0.086,0.1027
0.0,1.0,0.0,0.0
0.0,1.0,0.0,0.0
0.0,0.942,0.058,0.0258
0.0,0.851,0.149,0.7579
0.053,0.88,0.067,0.128
0.212,0.747,0.041,-0.7961
0.249,0.712,0.039,-0.8442
0.283,0.678,0.038,-0.8519
0.0,1.0,0.0,0.0
0.264,0.736,0.0,-0.9042
0.22,0.659,0.121,-0.2263
0.0,1.0,0.0,0.0
0.0,1.0,0.0,0.0
0.056,0.761,0.183,0.6908
0.088,0.772,0.14,0.34
0.0,0.872,0.128,0.2263
0.0,1.0,0.0,0.0
0.145,0.788,0.067,-0.3182
0.085,0.915,0.0,-0.3818
0.0,1.0,0.0,0.0
0.343,0.657,0.0,-0.957
0.13,0.87,0.0,-0.7269
0.06,0.842,0.098,0.2732
0.232,0.743,0.025,-0.8972
0.0,1.0,0.0,0.0
0.0,1.0,0.0,0.0
0.091,0.909,0.0,-0.296
0.0,0.818,0.182,0.4404
0.034,0.866,0.1,0.3612
0.0,0.954,0.046,0.2732
0.0,1.0,0.0,0.0
0.0,1.0,0.0,0.0
0.0,0.893,0.107,0.4767
0.0,0.948,0.052,0.2732
0.0,1.0,0.0,0.0
0.188,0.812,0.0,-0.6597
0.177,0.618,0.205,0.2415
0.0,0.761,0.239,0.296
0.157,0.843,0.0,-0.3818
0.142,0.858,0.0,-0.6486
0.068,0.932,0.0,-0.296
0.243,0.713,0.043,-0.8885
0.314,0.686,0.0,-0.9175
0.0,1.0,0.0,0.0
0.097,0.805,0.097,0.0
0.16,0.84,0.0,-0.2732
0.0,0.889,0.111,0.358
0.094,0.869,0.038,-0.128
0.064,0.88,0.056,-0.0772
0.216,0.784,0.0,-0.296
0.0,0.964,0.036,0.0772
0.0,1.0,0.0,0.0
0.15,0.765,0.085,-0.34
0.175,0.825,0.0,-0.5574
0.0,0.88,0.12,0.3802
0.315,0.685,0.0,-0.5574
0.054,0.946,0.0,-0.2732
0.288,0.712,0.0,-0.8779
0.084,0.872,0.044,-0.296
0.0,1.0,0.0,0.0
0.239,0.715,0.046,-0.8601
0.202,0.798,0.0,-0.5106
0.208,0.792,0.0,-0.6124
0.146,0.854,0.0,-0.6249
0.0,1.0,0.0,0.0
0.347,0.479,0.174,-0.5994
0.2,0.8,0.0,-0.7184
0.0,1.0,0.0,0.0
0.0,0.763,0.237,0.4767
0.0,1.0,0.0,0.0
0.0,1.0,0.0,0.0
0.073,0.927,0.0,-0.4588
0.068,0.885,0.047,-0.2732
0.313,0.687,0.0,-0.6249
0.0,0.916,0.084,0.3182
0.0,0.937,0.063,0.3612
0.0,1.0,0.0,0.0
0.052,0.881,0.067,0.1779
0.223,0.644,0.134,-0.2023
0.132,0.868,0.0,-0.6249
0.0,0.519,0.481,0.8807
0.126,0.874,0.0,-0.636
0.139,0.861,0.0,-0.2732
0.0,0.887,0.113,0.6705
0.126,0.874,0.0,-0.3818
0.0,0.928,0.072,0.2382
0.0,1.0,0.0,0.0
0.0,1.0,0.0,0.0
0.0,1.0,0.0,0.0
0.063,0.835,0.102,0.1779
0.085,0.915,0.0,-0.5574
0.058,0.823,0.12,0.4166
0.213,0.575,0.212,-0.0018
0.315,0.685,0.0,-0.7845
0.144,0.773,0.083,-0.2732
0.239,0.761,0.0,-0.8858
0.095,0.905,0.0,-0.296
0.266,0.65,0.084,-0.7096
0.0,0.919,0.081,0.3182
0.0,1.0,0.0,0.0
0.115,0.489,0.397,0.636
0.0,0.763,0.237,0.4199
0.313,0.687,0.0,-0.9467
0.034,0.866,0.1,0.4404
0.053,0.701,0.246,0.8442
0.0,0.877,0.123,0.5859
0.147,0.853,0.0,-0.7717
0.249,0.751,0.0,-0.6486
0.0,1.0,0.0,0.0
0.05,0.95,0.0,-0.2263
0.365,0.635,0.0,-0.7845
0.36,0.64,0.0,-0.7759
0.157,0.697,0.145,-0.1531
0.0,1.0,0.0,0.0
0.253,0.621,0.126,-0.7096
0.098,0.726,0.177,0.3612
0.194,0.697,0.109,-0.5434
0.0,0.781,0.219,0.4939
0.0,0.543,0.457,0.6369
0.054,0.682,0.264,0.8126
0.085,0.915,0.0,-0.34
0.3,0.7,0.0,-0.7184
0.121,0.754,0.125,0.0516
0.068,0.932,0.0,-0.2263
0.0,0.865,0.135,0.7269
0.0,1.0,0.0,0.0
0.0,1.0,0.0,0.0
0.115,0.885,0.0,-0.296
0.068,0.742,0.19,0.6037
0.056,0.894,0.049,-0.0772
0.0,0.848,0.152,0.3612
0.162,0.816,0.021,-0.8044
0.092,0.687,0.222,0.4541
0.574,0.426,0.0,-0.4019
0.059,0.793,0.147,0.4767
0.208,0.656,0.137,-0.0772
0.0,1.0,0.0,0.0
0.057,0.699,0.245,0.8225
0.028,0.972,0.0,-0.0283
0.2,0.8,0.0,-0.5423
0.194,0.806,0.0,-0.34
0.157,0.843,0.0,-0.4215
0.069,0.931,0.0,-0.4515
0.09,0.552,0.358,0.9201
0.0,1.0,0.0,0.0
0.203,0.621,0.175,-0.128
0.202,0.798,0.0,-0.5849
0.232,0.768,0.0,-0.8877
0.213,0.787,0.0,-0.7964
0.064,0.786,0.15,0.5423
0.085,0.853,0.061,-0.1779
0.258,0.742,0.0,-0.5965
0.0,1.0,0.0,0.0
0.0,1.0,0.0,0.0
0.0,0.809,0.191,0.7088
0.282,0.718,0.0,-0.7096
0.0,0.936,0.064,0.296
0.0,0.77,0.23,0.8854
0.161,0.657,0.182,0.0772
0.0,0.918,0.082,0.1779
0.0,1.0,0.0,0.0
0.131,0.78,0.089,-0.1556
0.374,0.626,0.0,-0.7761
0.0,1.0,0.0,0.0
0.0,0.909,0.091,0.3182
0.113,0.887,0.0,-0.4939
0.102,0.898,0.0,-0.3818
0.045,0.836,0.119,0.5216
0.0,1.0,0.0,0.0
0.073,0.892,0.035,-0.296
0.0,1.0,0.0,0.0
0.562,0.438,0.0,-0.7303
0.103,0.84,0.057,-0.1154
0.151,0.698,0.151,0.0
0.0,0.457,0.543,0.92
0.164,0.806,0.03,-0.7783
0.244,0.596,0.161,-0.4939
0.0,0.95,0.05,0.0258
0.0,1.0,0.0,0.0
0.087,0.913,0.0,-0.296
0.0,1.0,0.0,0.0
0.0,0.864,0.136,0.296
0.04,0.765,0.195,0.7964
0.118,0.756,0.127,0.1027
0.115,0.885,0.0,-0.7019
0.093,0.783,0.123,0.25
0.12,0.88,0.0,-0.6486
0.0,1.0,0.0,0.0
0.0,1.0,0.0,0.0
0.0,0.773,0.227,0.5719
0.0,0.762,0.238,0.7125
0.122,0.633,0.245,0.8126
0.343,0.657,0.0,-0.6908
0.106,0.894,0.0,-0.3818
0.0,1.0,0.0,0.0
0.136,0.636,0.229,0.296
0.0,0.57,0.43,0.9153
0.0,0.753,0.247,0.5574
0.122,0.878,0.0,-0.5574
0.064,0.736,0.201,0.4767
0.089,0.849,0.062,-0.319
0.072,0.887,0.041,-0.3182
0.0,1.0,0.0,0.0
0.062,0.825,0.113,0.3612
0.076,0.736,0.189,0.6207
0.083,0.856,0.06,-0.2263
0.044,0.817,0.139,0.6988
0.033,0.888,0.079,0.4215
0.108,0.799,0.093,-0.0946
0.141,0.823,0.036,-0.6249
0.0,0.887,0.113,0.6249
0.035,0.965,0.0,-0.1027
0.161,0.744,0.095,-0.1511
0.15,0.85,0.0,-0.7319
0.447,0.494,0.059,-0.9551
0.0,0.954,0.046,0.0772
0.0,1.0,0.0,0.0
0.287,0.674,0.039,-0.8979
0.0,0.729,0.271,0.7707
0.387,0.613,0.0,-0.743
0.0,0.753,0.247,0.5574
0.184,0.816,0.0,-0.7297
0.0,1.0,0.0,0.0
0.223,0.777,0.0,-0.6486
0.0,1.0,0.0,0.0
0.095,0.905,0.0,-0.5233
0.039,0.896,0.065,0.2732
0.0,1.0,0.0,0.0
0.173,0.827,0.0,-0.3182
0.293,0.707,0.0,-0.7003
0.167,0.784,0.049,-0.6808
0.0,0.845,0.155,0.5106
0.0,0.807,0.193,0.4767
0.0,0.785,0.215,0.8519
0.0,1.0,0.0,0.0
0.239,0.761,0.0,-0.296
0.069,0.735,0.196,0.69
0.0,0.762,0.238,0.5319
0.189,0.775,0.036,-0.8271
0.231,0.726,0.042,-0.8807
0.0,1.0,0.0,0.0
0.141,0.773,0.086,-0.25
0.0,0.793,0.207,0.5719
0.118,0.627,0.255,0.5423
0.114,0.529,0.357,0.7738
0.064,0.854,0.082,0.1531
0.0,1.0,0.0,0.0
0.242,0.758,0.0,-0.8062
0.141,0.859,0.0,-0.7717
0.066,0.934,0.0,-0.1779
0.139,0.67,0.192,0.3182
0.24,0.715,0.045,-0.8846
0.253,0.747,0.0,-0.6956
0.074,0.613,0.314,0.8334
0.0,0.769,0.231,0.8442
0.196,0.804,0.0,-0.8074
0.098,0.785,0.117,0.126
0.0,1.0,0.0,0.0
0.0,0.798,0.202,0.6486
0.126,0.874,0.0,-0.3818
0.352,0.648,0.0,-0.9509
0.105,0.776,0.119,0.0772
0.0,1.0,0.0,0.0
0.0,1.0,0.0,0.0
0.0,1.0,0.0,0.0
0.0,1.0,0.0,0.0
0.0,0.766,0.234,0.7003
0.033,0.967,0.0,-0.1027
0.0,0.829,0.171,0.2732
0.096,0.614,0.289,0.6597
0.158,0.614,0.228,0.1531
0.0,0.913,0.087,0.2023
0.0,0.769,0.231,0.4019
0.218,0.782,0.0,-0.5994
0.042,0.764,0.195,0.7351
0.135,0.865,0.0,-0.5574
0.0,0.637,0.363,0.6289
0.0,0.878,0.122,0.4939
0.0,0.833,0.167,0.6369
0.099,0.901,0.0,-0.6486
0.0,0.766,0.234,0.872
0.082,0.788,0.13,0.2641
0.133,0.867,0.0,-0.6705
0.047,0.634,0.319,0.9062
0.0,1.0,0.0,0.0
0.171,0.718,0.111,-0.5106
0.0,0.541,0.459,0.7777
0.197,0.722,0.081,-0.6705
0.075,0.771,0.154,0.4753
0.069,0.803,0.128,0.3883
0.0,1.0,0.0,0.0
0.224,0.616,0.16,-0.3182
0.199,0.7,0.101,-0.6705
0.112,0.824,0.065,-0.2023
0.0,1.0,0.0,0.0
0.208,0.792,0.0,-0.8268
0.249,0.751,0.0,-0.8822
0.19,0.708,0.101,-0.6599
0.085,0.783,0.133,0.296
0.245,0.641,0.115,-0.594
0.123,0.838,0.039,-0.5859
0.061,0.87,0.069,0.0772
0.0,0.695,0.305,0.7644
0.0,0.872,0.128,0.2263
0.12,0.825,0.056,-0.2201
0.053,0.742,0.204,0.8526
0.325,0.675,0.0,-0.8271
0.15,0.769,0.081,-0.3818
0.092,0.865,0.043,-0.3987
0.282,0.504,0.214,-0.1531
0.0,0.862,0.138,0.6486
0.108,0.892,0.0,-0.7003
0.206,0.794,0.0,-0.5267
0.0,1.0,0.0,0.0
0.217,0.783,0.0,-0.8779
0.282,0.718,0.0,-0.6705
0.078,0.922,0.0,-0.3182
0.0,0.508,0.492,0.4404
0.032,0.906,0.062,0.3527
0.0,1.0,0.0,0.0
0.0,0.888,0.112,0.4404
0.0,0.82,0.18,0.7292
0.091,0.909,0.0,-0.2263
0.0,0.924,0.076,0.2023
0.058,0.942,0.0,-0.296
0.066,0.755,0.178,0.4019
0.118,0.882,0.0,-0.1531
0.195,0.605,0.2,0.0516
0.0,1.0,0.0,0.0
0.179,0.821,0.0,-0.5423
0.0,1.0,0.0,0.0
0.198,0.802,0.0,-0.886
0.14,0.772,0.088,-0.3612
0.0,0.892,0.108,0.5423
0.0,1.0,0.0,0.0
0.0,1.0,0.0,0.0
0.0,1.0,0.0,0.0
0.0,1.0,0.0,0.0
0.035,0.886,0.08,0.4767
0.0,0.833,0.167,0.5574
0.091,0.909,0.0,-0.296
0.0,0.951,0.049,0.128
0.0,1.0,0.0,0.0
0.0,0.801,0.199,0.8016
0.0,0.881,0.119,0.5255
0.231,0.706,0.062,-0.9021
0.0,0.884,0.116,0.3612
0.0,0.875,0.125,0.5106
0.0,0.936,0.064,0.0258
0.0,0.872,0.128,0.2263
0.145,0.855,0.0,-0.6808
0.12,0.88,0.0,-0.4767
0.0,0.853,0.147,0.7835
0.0,0.833,0.167,0.3818
0.0,0.708,0.292,0.5106
0.122,0.878,0.0,-0.4939
0.057,0.943,0.0,-0.1027
0.172,0.768,0.06,-0.5639
0.183,0.635,0.183,0.0
0.157,0.843,0.0,-0.6705
0.0,0.893,0.107,0.4767
0.0,1.0,0.0,0.0
0.0,1.0,0.0,0.0
0.254,0.635,0.111,-0.6068
0.127,0.873,0.0,-0.4939
0.0,1.0,0.0,0.0
0.357,0.643,0.0,-0.9217
0.043,0.871,0.086,0.431
0.065,0.935,0.0,-0.4019
0.281,0.719,0.0,-0.6908
0.17,0.83,0.0,-0.5994
0.166,0.704,0.131,-0.1779
0.119,0.881,0.0,-0.4019
0.086,0.612,0.302,0.5473
0.247,0.753,0.0,-0.802
0.0,1.0,0.0,0.0
0.066,0.934,0.0,-0.3818
0.141,0.781,0.078,-0.3818
0.0,1.0,0.0,0.0
0.0,0.944,0.056,0.4215
0.221,0.779,0.0,-0.6597
0.0,1.0,0.0,0.0
0.0,1.0,0.0,0.0
0.195,0.805,0.0,-0.5574
0.0,0.873,0.127,0.2235
0.197,0.769,0.034,-0.802
0.0,1.0,0.0,0.0
0.127,0.873,0.0,-0.5859
0.048,0.718,0.234,0.7629
0.0,0.791,0.209,0.4404
0.0,1.0,0.0,0.0
0.0,0.841,0.159,0.5574
0.0,0.833,0.167,0.4939
0.134,0.803,0.063,-0.5106
0.102,0.898,0.0,-0.507
0.0,1.0,0.0,0.0
0.086,0.914,0.0,-0.4939
0.115,0.885,0.0,-0.5267
0.082,0.859,0.059,-0.1585
0.282,0.718,0.0,-0.6705
0.0,1.0,0.0,0.0
0.0,1.0,0.0,0.0
0.0,0.844,0.156,0.7906
0.156,0.844,0.0,-0.802
0.0,0.837,0.163,0.802
0.311,0.635,0.054,-0.9141
0.0,0.909,0.091,0.4404
0.0,1.0,0.0,0.0
0.127,0.873,0.0,-0.1531
0.106,0.653,0.241,0.8022
0.349,0.608,0.043,-0.9524
0.15,0.749,0.101,-0.2732
0.0,0.912,0.088,0.3612
0.028,0.972,0.0,-0.0572
0.0,0.894,0.106,0.2235
0.133,0.73,0.137,0.0258
0.101,0.719,0.18,0.5729
0.0,1.0,0.0,0.0
0.091,0.875,0.034,-0.5204
0.193,0.759,0.049,-0.8126
0.114,0.829,0.057,-0.2944
0.0,1.0,0.0,0.0
0.114,0.837,0.05,-0.4939
0.0,1.0,0.0,0.0
0.126,0.814,0.06,-0.3612
0.379,0.621,0.0,-0.6705
0.0,1.0,0.0,0.0
0.13,0.87,0.0,-0.5994
0.392,0.572,0.035,-0.9337
0.0,0.734,0.266,0.7003
0.0,0.893,0.107,0.3071
0.105,0.694,0.2,0.7003
0.0,1.0,0.0,0.0
0.0,0.862,0.138,0.6808
0.0,0.814,0.186,0.5859
0.0,1.0,0.0,0.0
0.161,0.68,0.159,-0.0194
0.0,0.766,0.234,0.7003
0.0,1.0,0.0,0.0
0.244,0.702,0.055,-0.8065
0.372,0.628,0.0,-0.7599
0.195,0.675,0.13,-0.4144
0.129,0.679,0.193,0.6808
0.109,0.86,0.03,-0.6597
0.242,0.695,0.063,-0.8402
0.0,1.0,0.0,0.0
0.306,0.694,0.0,-0.296
0.172,0.828,0.0,-0.3612
0.157,0.843,0.0,-0.6808
0.156,0.844,0.0,-0.3641
0.079,0.83,0.09,0.0772
0.0,0.879,0.121,0.296
0.0,1.0,0.0,0.0
0.288,0.712,0.0,-0.7964
0.333,0.667,0.0,-0.6124
0.256,0.744,0.0,-0.6705
0.288,0.545,0.167,-0.6875
0.214,0.629,0.157,-0.4199
0.0,0.728,0.272,0.6808
0.0,1.0,0.0,0.0
0.0,0.872,0.128,0.3612
0.115,0.885,0.0,-0.3818
0.0,0.946,0.054,0.3182
0.137,0.672,0.191,0.4014
0.071,0.841,0.087,0.128
0.144,0.856,0.0,-0.4019
0.0,0.882,0.118,0.5859
0.0,0.761,0.239,0.7955
0.124,0.805,0.071,-0.4527
0.111,0.889,0.0,-0.25
0.093,0.907,0.0,-0.6249
0.0,1.0,0.0,0.0
0.294,0.706,0.0,-0.6326
0.0,1.0,0.0,0.0
0.0,1.0,0.0,0.0
0.426,0.448,0.126,-0.7717
0.0,0.791,0.209,0.7003
0.239,0.761,0.0,-0.8834
0.307,0.693,0.0,-0.7351
0.0,1.0,0.0,0.0
0.255,0.615,0.13,-0.5423
0.099,0.901,0.0,-0.296
0.091,0.909,0.0,-0.128
0.0,0.717,0.283,0.7717
0.0,0.755,0.245,0.7783
0.102,0.898,0.0,-0.3134
0.0,1.0,0.0,0.0
0.171,0.829,0.0,-0.878
0.06,0.94,0.0,-0.0572
0.091,0.909,0.0,-0.1027
0.099,0.901,0.0,-0.296
0.096,0.813,0.09,-0.0516
0.0,1.0,0.0,0.0
0.186,0.721,0.093,-0.7096
0.0,0.77,0.23,0.5559
0.0,1.0,0.0,0.0
0.0,0.815,0.185,0.3612
0.0,0.909,0.091,0.0772
0.167,0.833,0.0,-0.5574
0.0,1.0,0.0,0.0
0.0,0.879,0.121,0.4404
0.293,0.641,0.066,-0.9062
0.0,0.771,0.229,0.8478
0.072,0.928,0.0,-0.1027
0.0,1.0,0.0,0.0
0.0,1.0,0.0,0.0
0.261,0.63,0.109,-0.6771
0.092,0.81,0.099,0.0516
0.0,1.0,0.0,0.0
0.0,0.789,0.211,0.5399
0.212,0.693,0.095,-0.6929
0.141,0.723,0.136,-0.5103
0.159,0.745,0.096,-0.4592
0.342,0.658,0.0,-0.3818
0.0,1.0,0.0,0.0
0.0,0.856,0.144,0.6597
0.0,0.837,0.163,0.5994
0.343,0.657,0.0,-0.8074
0.298,0.616,0.086,-0.9331
0.0,1.0,0.0,0.0
0.0,1.0,0.0,0.0
0.0,1.0,0.0,0.0
0.14,0.639,0.221,0.3167
0.195,0.722,0.082,-0.7273
0.224,0.776,0.0,-0.3818
0.259,0.576,0.165,-0.3182
0.109,0.796,0.094,-0.4215
0.368,0.632,0.0,-0.7906
0.0,1.0,0.0,0.0
0.111,0.749,0.139,0.1179
0.314,0.476,0.21,-0.2732
0.182,0.684,0.134,-0.3612
0.164,0.836,0.0,-0.2382
0.109,0.891,0.0,-0.6124
0.372,0.628,0.0,-0.6511
0.182,0.818,0.0,-0.25
0.066,0.803,0.131,0.4215
0.148,0.752,0.1,-0.4404
0.201,0.799,0.0,-0.8519
0.0,1.0,0.0,0.0
0.346,0.654,0.0,-0.8801
0.268,0.732,0.0,-0.6808
0.125,0.765,0.111,-0.1779
0.0,1.0,0.0,0.0
0.0,1.0,0.0,0.0
0.152,0.848,0.0,-0.3612
0.0,0.839,0.161,0.3612
0.0,1.0,0.0,0.0
0.112,0.785,0.103,-0.0516
0.0,1.0,0.0,0.0
0.0,1.0,0.0,0.0
0.0,0.725,0.275,0.6908
0.124,0.876,0.0,-0.7681
0.148,0.852,0.0,-0.7378
0.0,0.925,0.075,0.3612
0.044,0.956,0.0,-0.1419
0.277,0.723,0.0,-0.7579
0.147,0.665,0.188,0.34
0.0,0.876,0.124,0.6428
0.0,0.916,0.084,0.5106
0.117,0.799,0.084,-0.1877
0.086,0.859,0.055,-0.25
0.08,0.846,0.074,-0.0534
0.039,0.929,0.033,-0.0685
0.0,1.0,0.0,0.0
0.044,0.956,0.0,-0.0516
0.0,0.776,0.224,0.8176
0.154,0.796,0.05,-0.6369
0.244,0.641,0.115,-0.4588
0.0,1.0,0.0,0.0
0.0,0.927,0.073,0.4404
0.0,0.906,0.094,0.4939
0.0,0.69,0.31,0.4019
0.0,1.0,0.0,0.0
0.0,1.0,0.0,0.0
0.0,0.896,0.104,0.296
0.207,0.793,0.0,-0.6908
0.211,0.789,0.0,-0.34
0.335,0.506,0.158,-0.4215
0.127,0.873,0.0,-0.6705
0.272,0.728,0.0,-0.6808
0.249,0.751,0.0,-0.6486
0.0,1.0,0.0,0.0
0.0,0.941,0.059,0.3612
0.0,1.0,0.0,0.0
0.107,0.799,0.094,-0.128
0.0,0.597,0.403,0.4019
0.057,0.943,0.0,-0.2023
0.0,0.875,0.125,0.6124
0.17,0.739,0.091,-0.4215
0.104,0.896,0.0,-0.5994
0.0,0.943,0.057,0.1154
0.0,0.852,0.148,0.5423
0.051,0.949,0.0,-0.0772
0.584,0.416,0.0,-0.7661
0.049,0.728,0.224,0.6705
0.0,1.0,0.0,0.0
0.096,0.861,0.043,-0.4854
0.256,0.744,0.0,-0.875
0.271,0.679,0.05,-0.7096
0.0,1.0,0.0,0.0
0.366,0.634,0.0,-0.6369
0.109,0.779,0.112,0.024
0.0,0.847,0.153,0.6597
0.0,0.94,0.06,0.4019
0.0,0.881,0.119,0.4019
0.044,0.844,0.113,0.296
0.132,0.772,0.096,-0.2732
0.286,0.714,0.0,-0.6369
0.0,1.0,0.0,0.0
0.119,0.881,0.0,-0.4019
0.105,0.895,0.0,-0.5267
0.204,0.68,0.116,-0.3182
0.245,0.755,0.0,-0.3818
0.158,0.842,0.0,-0.8074
0.154,0.556,0.29,0.6329
0.0,0.845,0.155,0.6696
0.32,0.631,0.049,-0.9543
0.059,0.864,0.077,-0.0377
0.0,1.0,0.0,0.0
0.0,1.0,0.0,0.0
0.136,0.864,0.0,-0.296
0.0,1.0,0.0,0.0
0.365,0.529,0.106,-0.6597
0.104,0.743,0.153,0.25
0.0,0.721,0.279,0.4754
0.102,0.837,0.06,-0.2263
0.207,0.793,0.0,-0.5267
0.0,0.888,0.112,0.7236
0.105,0.811,0.084,-0.1528
0.145,0.803,0.052,-0.5106
0.06,0.833,0.106,0.1531
0.0,1.0,0.0,0.0
0.125,0.772,0.103,-0.1779
0.0,0.776,0.224,0.6705
0.0,1.0,0.0,0.0
0.0,1.0,0.0,0.0
0.299,0.701,0.0,-0.5719
0.0,0.928,0.072,0.4939
0.076,0.924,0.0,-0.5106
0.0,0.698,0.302,0.6369
0.0,1.0,0.0,0.0
0.089,0.653,0.258,0.7096
0.092,0.768,0.141,0.3182
0.0,0.901,0.099,0.3182
0.157,0.579,0.264,0.3182
0.0,0.84,0.16,0.2263
0.385,0.615,0.0,-0.9633
0.0,1.0,0.0,0.0
0.11,0.89,0.0,-0.3566
0.035,0.766,0.199,0.8829
0.0,1.0,0.0,0.0
0.0,1.0,0.0,0.0
0.274,0.726,0.0,-0.5857
0.109,0.773,0.118,0.0516
0.339,0.357,0.304,-0.1027
0.283,0.717,0.0,-0.8271
0.0,0.876,0.124,0.4019
0.232,0.768,0.0,-0.8641
0.0,0.833,0.167,0.7506
0.103,0.825,0.072,-0.2263
0.102,0.795,0.102,0.0
0.308,0.647,0.045,-0.9644
0.138,0.801,0.061,-0.4215
0.143,0.817,0.04,-0.6187
0.156,0.654,0.19,0.2598
0.087,0.75,0.163,0.296
0.0,1.0,0.0,0.0
0.0,0.263,0.737,0.4215
0.057,0.943,0.0,-0.0516
0.215,0.729,0.056,-0.8225
0.122,0.878,0.0,-0.644
0.055,0.917,0.028,-0.3182
0.281,0.719,0.0,-0.5994
0.0,1.0,0.0,0.0
0.0,1.0,0.0,0.0
0.0,1.0,0.0,0.0
0.0,1.0,0.0,0.0
0.0,0.829,0.171,0.7184
0.0,0.423,0.577,0.6249
0.058,0.905,0.037,-0.2467
0.262,0.538,0.2,0.0516
0.186,0.765,0.049,-0.7906
0.092,0.869,0.039,-0.4486
0.0,1.0,0.0,0.0
0.34,0.605,0.055,-0.9274
0.0,1.0,0.0,0.0
0.0,1.0,0.0,0.0
0.0,0.843,0.157,0.7096
0.0,0.894,0.106,0.2263
0.0,0.855,0.145,0.4404
0.0,1.0,0.0,0.0
0.092,0.754,0.154,0.2869
0.157,0.793,0.051,-0.5886
0.111,0.889,0.0,-0.5423
0.0,0.856,0.144,0.6597
0.0,0.804,0.196,0.4404
0.0,1.0,0.0,0.0
0.178,0.822,0.0,-0.3818
0.052,0.888,0.06,0.0813
0.438,0.46,0.102,-0.9569
0.227,0.602,0.171,-0.7184
0.0,0.597,0.403,0.8689
0.0,0.761,0.239,0.765
0.157,0.843,0.0,-0.3818
0.0,1.0,0.0,0.0
0.074,0.763,0.163,0.5423
0.282,0.614,0.104,-0.7691
0.0,1.0,0.0,0.0
0.11,0.806,0.084,-0.1779
0.202,0.747,0.051,-0.7845
0.0,1.0,0.0,0.0
0.299,0.701,0.0,-0.6908
0.059,0.625,0.316,0.802
0.0,0.867,0.133,0.7227
0.0,1.0,0.0,0.0
0.0,0.779,0.221,0.7475
0.13,0.87,0.0,-0.5106
0.0,0.967,0.033,0.1406
0.0,0.612,0.388,0.7243
0.0,1.0,0.0,0.0
0.269,0.731,0.0,-0.7592
0.154,0.793,0.052,-0.5994
0.242,0.679,0.079,-0.7184
0.06,0.843,0.096,0.128
0.093,0.829,0.078,-0.0772
0.203,0.45,0.347,0.5423
0.152,0.848,0.0,-0.7096
0.15,0.804,0.047,-0.4549
0.0,1.0,0.0,0.0
0.177,0.823,0.0,-0.6249
0.0,1.0,0.0,0.0
0.0,1.0,0.0,0.0
0.178,0.822,0.0,-0.8025
0.0,0.833,0.167,0.7906
0.059,0.879,0.062,0.0258
0.0,0.791,0.209,0.4404
0.058,0.865,0.078,0.1779
0.053,0.906,0.041,-0.1027
0.061,0.811,0.128,0.431
0.0,1.0,0.0,0.0
0.079,0.864,0.056,-0.25
0.273,0.727,0.0,-0.7845
0.049,0.879,0.072,0.2247
0.077,0.756,0.167,0.6249
0.0,1.0,0.0,0.0
0.0,0.865,0.135,0.4939
0.0,1.0,0.0,0.0
0.252,0.588,0.16,-0.3182
0.0,1.0,0.0,0.0
0.2,0.8,0.0,-0.5423
0.192,0.64,0.168,-0.1164
0.206,0.794,0.0,-0.3818
0.0,0.763,0.237,0.4767
0.0,1.0,0.0,0.0
0.061,0.939,0.0,-0.296
0.196,0.804,0.0,-0.296
0.239,0.761,0.0,-0.765
0.06,0.851,0.089,0.2023
0.0,0.845,0.155,0.5267
0.109,0.853,0.038,-0.4767
0.0,0.826,0.174,0.6369
0.235,0.765,0.0,-0.8074
0.394,0.606,0.0,-0.7579
0.0,0.756,0.244,0.4404
0.0,1.0,0.0,0.0
0.132,0.868,0.0,-0.7184
0.0,0.733,0.267,0.8283
0.065,0.886,0.049,-0.1882
0.159,0.546,0.295,0.4102
0.151,0.621,0.228,0.1531
0.148,0.852,0.0,-0.5106
0.321,0.679,0.0,-0.7964
0.085,0.915,0.0,-0.4019
0.073,0.645,0.281,0.796
0.064,0.905,0.031,-0.34
0.0,0.758,0.242,0.6249
0.0,1.0,0.0,0.0
0.0,1.0,0.0,0.0
0.186,0.584,0.23,0.0516
0.208,0.733,0.059,-0.7579
0.0,0.916,0.084,0.5411
0.0,1.0,0.0,0.0
0.224,0.693,0.083,-0.6486
0.213,0.787,0.0,-0.7964
0.0,0.825,0.175,0.5574
0.286,0.714,0.0,-0.6808
0.265,0.735,0.0,-0.6597
0.241,0.583,0.176,-0.7245
0.13,0.87,0.0,-0.5994
0.031,0.795,0.174,0.7579
0.239,0.761,0.0,-0.8173
0.088,0.797,0.116,0.1779
0.0,1.0,0.0,0.0
0.0,0.928,0.072,0.4215
0.0,1.0,0.0,0.0
0.0,0.896,0.104,0.2732
0.087,0.731,0.182,0.6481
0.135,0.748,0.118,-0.2263
0.0,1.0,0.0,0.0
0.026,0.85,0.124,0.6705
0.0,0.808,0.192,0.2263
0.0,0.873,0.127,0.6398
0.064,0.936,0.0,-0.0258
0.0,1.0,0.0,0.0
0.0,1.0,0.0,0.0
0.0,0.856,0.144,0.4926
0.131,0.654,0.215,0.4247
0.0,1.0,0.0,0.0
0.049,0.951,0.0,-0.0762
0.085,0.853,0.062,-0.2263
0.629,0.371,0.0,-0.5255
0.092,0.704,0.204,0.4939
0.0,0.699,0.301,0.6808
0.0,1.0,0.0,0.0
0.358,0.642,0.0,-0.946
0.0,1.0,0.0,0.0
0.144,0.856,0.0,-0.7096
0.0,0.922,0.078,0.5106
0.0,0.892,0.108,0.1779
0.1,0.776,0.123,0.128
0.113,0.887,0.0,-0.5106
0.251,0.591,0.158,-0.2263
0.279,0.721,0.0,-0.7351
0.234,0.766,0.0,-0.7003
0.182,0.818,0.0,-0.6124
0.0,0.866,0.134,0.5719
0.0,0.782,0.218,0.2263
0.421,0.579,0.0,-0.8402
0.101,0.773,0.127,0.296
0.072,0.78,0.148,0.4019
0.395,0.605,0.0,-0.8689
0.0,0.685,0.315,0.5574
0.064,0.812,0.125,0.2732
0.233,0.767,0.0,-0.7845
0.393,0.607,0.0,-0.9504
0.263,0.646,0.091,-0.8591
0.0,0.721,0.279,0.4767
0.198,0.755,0.047,-0.8402
0.102,0.75,0.148,0.2023
0.0,0.725,0.275,0.5859
0.0,0.909,0.091,0.3182
0.133,0.809,0.058,-0.5574
0.333,0.667,0.0,-0.6705
0.0,1.0,0.0,0.0
0.18,0.82,0.0,-0.296
0.0,1.0,0.0,0.0
0.138,0.74,0.122,-0.1531
0.112,0.888,0.0,-0.2263
0.042,0.932,0.026,-0.1901
0.0,1.0,0.0,0.0
0.034,0.876,0.09,0.5647
0.182,0.818,0.0,-0.4404
0.115,0.885,0.0,-0.296
0.127,0.777,0.096,-0.2617
0.0,0.885,0.115,0.296
0.104,0.896,0.0,-0.1027
0.0,0.921,0.079,0.4754
0.0,1.0,0.0,0.0
0.0,0.87,0.13,0.7184
0.0,0.653,0.347,0.9711
0.0,1.0,0.0,0.0
0.112,0.847,0.041,-0.3818
0.0,0.886,0.114,0.5367
0.302,0.698,0.0,-0.5994
0.094,0.838,0.068,-0.25
0.0,1.0,0.0,0.0
0.0,0.962,0.038,0.128
0.0,1.0,0.0,0.0
0.273,0.727,0.0,-0.8176
0.207,0.793,0.0,-0.8442
0.095,0.905,0.0,-0.2263
0.254,0.746,0.0,-0.7784
0.0,1.0,0.0,0.0
0.223,0.612,0.166,-0.6222
0.0,0.872,0.128,0.6908
0.257,0.743,0.0,-0.9153
0.0,0.767,0.233,0.743
0.219,0.647,0.134,-0.4019
0.212,0.731,0.057,-0.7783
0.408,0.462,0.13,-0.765
0.084,0.916,0.0,-0.6486
0.0,1.0,0.0,0.0
0.247,0.753,0.0,-0.5574
0.129,0.792,0.079,-0.3613
0.064,0.842,0.094,0.296
0.0,1.0,0.0,0.0
0.0,1.0,0.0,0.0
0.206,0.658,0.136,-0.6184
0.0,1.0,0.0,0.0
0.168,0.693,0.139,-0.1531
0.0,1.0,0.0,0.0
0.0,0.683,0.317,0.6783
0.168,0.809,0.023,-0.8176
0.0,0.885,0.115,0.296
0.272,0.728,0.0,-0.6249
0.0,1.0,0.0,0.0
0.0,0.935,0.065,0.25
0.429,0.571,0.0,-0.8188
0.084,0.916,0.0,-0.296
0.0,0.0,1.0,0.4939
0.0,1.0,0.0,0.0
0.0,1.0,0.0,0.0
0.0,1.0,0.0,0.0
0.0,1.0,0.0,0.0
0.209,0.689,0.102,-0.6249
0.13,0.87,0.0,-0.5994
0.172,0.828,0.0,-0.4019
0.0,0.935,0.065,0.4939
0.0,0.851,0.149,0.4215
0.146,0.788,0.066,-0.2579
0.054,0.873,0.073,0.2023
0.176,0.687,0.137,-0.128
0.0,0.694,0.306,0.765
0.0,0.909,0.091,0.5267
0.0,0.865,0.135,0.3595
0.0,0.863,0.137,0.4023
0.0,1.0,0.0,0.0
0.0,0.68,0.32,0.9214
0.0,1.0,0.0,0.0
0.37,0.63,0.0,-0.8939
0.0,1.0,0.0,0.0
0.0,0.791,0.209,0.7003
0.0,1.0,0.0,0.0
0.096,0.904,0.0,-0.1531
0.165,0.741,0.094,-0.5423
0.0,1.0,0.0,0.0
0.281,0.719,0.0,-0.5719
0.257,0.671,0.073,-0.743
0.051,0.725,0.225,0.7351
0.0,1.0,0.0,0.0
0.513,0.487,0.0,-0.8895
0.0,0.842,0.158,0.4939
0.0,1.0,0.0,0.0
0.0,1.0,0.0,0.0
0.0,1.0,0.0,0.0
0.231,0.685,0.084,-0.7371
0.237,0.763,0.0,-0.7906
0.081,0.694,0.225,0.5423
0.0,0.707,0.293,0.9312
0.228,0.592,0.18,-0.1779
0.0,1.0,0.0,0.0
0.243,0.696,0.061,-0.8641
0.185,0.77,0.045,-0.8213
0.211,0.789,0.0,-0.5859
0.177,0.823,0.0,-0.4767
0.13,0.87,0.0,-0.2023
0.138,0.862,0.0,-0.34
0.114,0.776,0.111,-0.2732
0.0,1.0,0.0,0.0
0.0,1.0,0.0,0.0
0.0,0.831,0.169,0.6705
0.0,0.923,0.077,0.4486
0.0,1.0,0.0,0.0
0.185,0.72,0.094,-0.6486
0.0,1.0,0.0,0.0
0.0,1.0,0.0,0.0
0.086,0.856,0.058,-0.2732
0.191,0.809,0.0,-0.3818
0.0,1.0,0.0,0.0
0.0,0.867,0.133,0.6369
0.047,0.953,0.0,-0.2732
0.0,0.795,0.205,0.4767
0.151,0.814,0.035,-0.7633
0.0,0.857,0.143,0.6124
0.0,0.847,0.153,0.4404
0.178,0.672,0.15,0.1027
0.267,0.681,0.052,-0.8877
0.074,0.864,0.062,-0.1531
0.0,0.762,0.238,0.7981
0.092,0.676,0.232,0.6322
0.0,1.0,0.0,0.0
0.075,0.863,0.062,-0.1531
0.188,0.677,0.135,-0.2755
0.034,0.895,0.072,0.4019
0.0,1.0,0.0,0.0
0.0,1.0,0.0,0.0
0.091,0.655,0.254,0.7579
0.07,0.823,0.108,0.296
0.163,0.837,0.0,-0.5423
0.0,0.836,0.164,0.5984
0.189,0.669,0.142,-0.3818
0.0,0.89,0.11,0.3818
0.0,1.0,0.0,0.0
0.161,0.769,0.07,-0.5994
0.0,0.753,0.247,0.5574
0.095,0.905,0.0,-0.2732
0.021,0.823,0.157,0.765
0.179,0.821,0.0,-0.6956
0.369,0.631,0.0,-0.6249
0.167,0.833,0.0,-0.7906
0.167,0.72,0.113,-0.1926
0.0,0.874,0.126,0.3182
0.065,0.805,0.129,0.3274
0.0,1.0,0.0,0.0
0.178,0.822,0.0,-0.3818
0.087,0.866,0.047,-0.2732
0.0,0.601,0.399,0.8074
0.108,0.782,0.11,-0.2354
0.0,1.0,0.0,0.0
0.384,0.616,0.0,-0.891
0.0,1.0,0.0,0.0
0.089,0.821,0.089,0.0
0.128,0.872,0.0,-0.3612
0.242,0.697,0.061,-0.5267
0.0,1.0,0.0,0.0
0.231,0.769,0.0,-0.872
0.194,0.806,0.0,-0.5574
0.202,0.614,0.184,-0.1027
0.0,1.0,0.0,0.0
0.072,0.814,0.113,0.2263
0.0,0.847,0.153,0.5574
0.0,0.948,0.052,0.2023
0.0,1.0,0.0,0.0
0.0,1.0,0.0,0.0
0.08,0.884,0.036,-0.3818
0.124,0.813,0.063,-0.4654
0.066,0.934,0.0,-0.4019
0.375,0.625,0.0,-0.7645
0.0,0.858,0.142,0.5106
0.0,1.0,0.0,0.0
0.03,0.924,0.046,0.1835
0.128,0.766,0.107,-0.1449
0.0,0.906,0.094,0.4767
0.2,0.8,0.0,-0.8402
0.303,0.697,0.0,-0.9413
0.192,0.678,0.13,-0.2732
0.0,1.0,0.0,0.0
0.052,0.85,0.098,0.3664
0.279,0.721,0.0,-0.4767
0.0,1.0,0.0,0.0
0.0,0.878,0.122,0.2023
0.218,0.782,0.0,-0.9081
0.105,0.895,0.0,-0.6249
0.0,0.874,0.126,0.1531
0.0,0.85,0.15,0.3182
0.0,1.0,0.0,0.0
0.275,0.725,0.0,-0.6486
0.0,0.702,0.298,0.6239
0.0,0.773,0.227,0.4767
0.239,0.662,0.099,-0.7579
0.0,0.936,0.064,0.0772
0.0,1.0,0.0,0.0
0.0,0.893,0.107,0.6369
0.0,0.84,0.16,0.5806
0.444,0.556,0.0,-0.7506
0.311,0.689,0.0,-0.8807
0.143,0.857,0.0,-0.25
0.26,0.672,0.068,-0.7408
0.0,1.0,0.0,0.0
0.0,0.82,0.18,0.5574
0.0,0.813,0.187,0.6486
0.184,0.67,0.146,-0.1179
0.316,0.684,0.0,-0.5719
0.0,1.0,0.0,0.0
0.35,0.65,0.0,-0.5106
0.0,1.0,0.0,0.0
0.218,0.728,0.053,-0.5267
0.126,0.595,0.279,0.8895
0.139,0.671,0.191,0.4652
0.206,0.651,0.143,-0.4588
0.136,0.733,0.132,-0.0258
0.134,0.602,0.263,0.631
0.097,0.903,0.0,-0.6249
0.0,0.724,0.276,0.6369
0.0,1.0,0.0,0.0
0.0,0.877,0.123,0.2732
0.0,0.91,0.09,0.6312
0.14,0.86,0.0,-0.5994
0.146,0.854,0.0,-0.4404
0.224,0.776,0.0,-0.3818
0.0,1.0,0.0,0.0
0.444,0.556,0.0,-0.34
0.0,0.901,0.099,0.3182
0.319,0.681,0.0,-0.7269
0.221,0.779,0.0,-0.6428
0.0,0.905,0.095,0.2263
0.0,0.612,0.388,0.2263
0.249,0.698,0.053,-0.8834
0.0,1.0,0.0,0.0
0.0,1.0,0.0,0.0
0.137,0.863,0.0,-0.4019
0.076,0.861,0.063,-0.128
0.242,0.718,0.04,-0.926
0.105,0.78,0.116,-0.1531
0.0,0.847,0.153,0.5574
0.273,0.65,0.077,-0.9255
0.0,0.823,0.177,0.7269
0.331,0.493,0.175,-0.6523
0.176,0.824,0.0,-0.7184
0.0,0.803,0.197,0.4019
0.138,0.578,0.284,0.5106
0.0,0.824,0.176,0.5423
0.251,0.749,0.0,-0.7717
0.104,0.896,0.0,-0.6767
0.0,1.0,0.0,0.0
0.098,0.716,0.186,0.7003
0.0,0.967,0.033,0.1027
0.0,1.0,0.0,0.0
0.453,0.547,0.0,-0.7003
0.173,0.758,0.069,-0.7003
0.07,0.867,0.062,-0.0772
0.189,0.811,0.0,-0.5994
0.0,0.938,0.062,0.3034
0.0,0.907,0.093,0.4939
0.288,0.581,0.131,-0.9008
0.0,1.0,0.0,0.0
0.0,0.874,0.126,0.5574
0.0,1.0,0.0,0.0
0.168,0.716,0.116,-0.4404
0.162,0.838,0.0,-0.4767
0.066,0.852,0.082,0.128
0.114,0.795,0.091,-0.1531
0.227,0.712,0.061,-0.6249
0.0,1.0,0.0,0.0
0.048,0.884,0.068,0.2052
0.229,0.707,0.063,-0.7783
0.0,1.0,0.0,0.0
0.073,0.876,0.051,-0.2732
0.059,0.813,0.128,0.4926
0.0,0.857,0.143,0.3612
0.301,0.699,0.0,-0.6486
0.137,0.609,0.254,0.3182
0.125,0.875,0.0,-0.7053
0.083,0.917,0.0,-0.2263
0.064,0.68,0.256,0.8658
0.255,0.745,0.0,-0.6249
0.0,1.0,0.0,0.0
0.0,0.733,0.267,0.4588
0.276,0.689,0.035,-0.936
0.0,1.0,0.0,0.0
0.0,0.874,0.126,0.5994
0.127,0.772,0.101,-0.521
0.0,1.0,0.0,0.0
0.0,0.837,0.163,0.802
0.0,0.94,0.06,0.3182
0.0,0.788,0.212,0.765
0.146,0.722,0.132,-0.4019
0.0,0.756,0.244,0.4404
0.13,0.791,0.079,-0.1531
0.0,1.0,0.0,0.0
0.089,0.789,0.122,0.1779
0.067,0.695,0.238,0.7845
0.0,0.63,0.37,0.9169
0.313,0.687,0.0,-0.6249
0.232,0.654,0.114,-0.6429
0.078,0.781,0.141,0.4882
0.171,0.829,0.0,-0.8126
0.0,0.635,0.365,0.8475
0.0,1.0,0.0,0.0
0.184,0.588,0.227,0.4939
0.157,0.82,0.024,-0.7997
0.184,0.816,0.0,-0.4019
0.141,0.761,0.097,-0.1119
0.14,0.755,0.106,0.0258
0.0,1.0,0.0,0.0
0.147,0.776,0.078,-0.4019
0.065,0.935,0.0,-0.1027
0.0,1.0,0.0,0.0
0.0,1.0,0.0,0.0
0.0,0.685,0.315,0.784
0.107,0.893,0.0,-0.5574
0.167,0.833,0.0,-0.4215
0.0,0.573,0.427,0.8867
0.143,0.857,0.0,-0.7717
0.202,0.798,0.0,-0.7269
0.26,0.74,0.0,-0.7964
0.257,0.67,0.073,-0.5106
0.199,0.737,0.064,-0.6059
0.0,1.0,0.0,0.0
0.12,0.804,0.075,-0.5707
0.082,0.866,0.052,-0.128
0.155,0.845,0.0,-0.296
0.0,1.0,0.0,0.0
0.363,0.637,0.0,-0.6908
0.307,0.5,0.193,-0.1531
0.045,0.72,0.235,0.875
0.081,0.919,0.0,-0.3182
0.167,0.833,0.0,-0.25
0.0,0.632,0.368,0.7906
0.0,1.0,0.0,0.0
0.0,1.0,0.0,0.0
0.132,0.799,0.069,-0.2462
0.492,0.508,0.0,-0.7003
0.0,0.625,0.375,0.9118
0.034,0.852,0.114,0.5106
0.138,0.815,0.047,-0.5733
0.104,0.896,0.0,-0.5574
0.152,0.758,0.091,-0.296
0.0,0.708,0.292,0.5106
0.0,0.838,0.162,0.4767
0.0,0.872,0.128,0.2263
0.055,0.825,0.12,0.3775
0.0,1.0,0.0,0.0
0.0,1.0,0.0,0.0
0.157,0.786,0.057,-0.5719
0.221,0.779,0.0,-0.8807
0.084,0.916,0.0,-0.5106
0.0,1.0,0.0,0.0
0.482,0.518,0.0,-0.8519
0.0,0.954,0.046,0.2023
0.093,0.805,0.102,0.0387
0.266,0.734,0.0,-0.504
0.302,0.698,0.0,-0.6369
0.0,1.0,0.0,0.0
0.172,0.713,0.115,-0.6249
0.199,0.631,0.169,-0.4391
0.363,0.587,0.05,-0.93
0.186,0.742,0.072,-0.6915
0.0,0.849,0.151,0.4939
0.112,0.754,0.134,0.0516
0.0,1.0,0.0,0.0
0.288,0.712,0.0,-0.8834
0.0,1.0,0.0,0.0
0.0,1.0,0.0,0.0
0.194,0.784,0.023,-0.743
0.0,1.0,0.0,0.0
0.0,0.677,0.323,0.9497
0.277,0.684,0.038,-0.946
0.118,0.882,0.0,-0.5574
0.0,1.0,0.0,0.0
0.051,0.837,0.112,0.4515
0.36,0.64,0.0,-0.9549
0.0,1.0,0.0,0.0
0.202,0.697,0.101,-0.4404
0.311,0.689,0.0,-0.8856
0.129,0.789,0.082,-0.2023
0.145,0.727,0.127,-0.0772
0.131,0.814,0.054,-0.3736
0.0,1.0,0.0,0.0
0.0,1.0,0.0,0.0
0.202,0.798,0.0,-0.872
0.0,0.804,0.196,0.296
0.0,1.0,0.0,0.0
0.132,0.813,0.055,-0.6249
0.0,1.0,0.0,0.0
0.131,0.759,0.11,-0.128
0.0,1.0,0.0,0.0
0.215,0.785,0.0,-0.7964
0.206,0.652,0.143,-0.3071
0.0,1.0,0.0,0.0
0.0,1.0,0.0,0.0
0.163,0.737,0.1,-0.6808
0.0,1.0,0.0,0.0
0.232,0.768,0.0,-0.8883
0.425,0.575,0.0,-0.5719
0.268,0.732,0.0,-0.7456
0.2,0.8,0.0,-0.9057
0.145,0.855,0.0,-0.4389
0.0,1.0,0.0,0.0
0.177,0.668,0.155,0.0258
0.0,1.0,0.0,0.0
0.276,0.724,0.0,-0.4939
0.051,0.878,0.071,0.25
0.0,0.903,0.097,0.4767
0.071,0.839,0.09,0.1531
0.312,0.688,0.0,-0.7783
0.0,0.937,0.063,0.3612
0.157,0.696,0.148,-0.296
0.146,0.73,0.124,-0.2023
0.095,0.825,0.079,-0.128
0.063,0.82,0.117,0.3134
0.063,0.857,0.08,0.1531
0.391,0.609,0.0,-0.8271
0.2,0.8,0.0,-0.3612
0.17,0.83,0.0,-0.6486
0.0,0.955,0.045,0.128
0.191,0.809,0.0,-0.8271
0.0,0.722,0.278,0.8834
0.195,0.627,0.178,0.0387
0.047,0.765,0.188,0.694
0.359,0.641,0.0,-0.8126
0.0,1.0,0.0,0.0
0.05,0.847,0.103,0.3818
0.274,0.605,0.12,-0.5552
0.0,1.0,0.0,0.0
0.079,0.921,0.0,-0.4767
0.0,1.0,0.0,0.0
0.427,0.509,0.064,-0.9782
0.0,1.0,0.0,0.0
0.0,1.0,0.0,0.0
0.085,0.795,0.12,0.1583
0.055,0.854,0.09,0.34
0.289,0.597,0.114,-0.7553
0.0,1.0,0.0,0.0
0.0,1.0,0.0,0.0
0.388,0.612,0.0,-0.6908
0.055,0.945,0.0,-0.2732
0.0,1.0,0.0,0.0
0.07,0.93,0.0,-0.3612
0.0,0.929,0.071,0.4939
0.0,1.0,0.0,0.0
0.17,0.748,0.082,-0.7588
0.0,1.0,0.0,0.0
0.0,1.0,0.0,0.0
0.362,0.638,0.0,-0.5267
0.104,0.896,0.0,-0.296
0.0,0.685,0.315,0.7845
0.0,0.857,0.143,0.6705
0.0,1.0,0.0,0.0
0.104,0.675,0.221,0.4191
0.0,1.0,0.0,0.0
0.0,1.0,0.0,0.0
0.0,1.0,0.0,0.0
0.063,0.849,0.087,0.2247
0.106,0.894,0.0,-0.3818
0.0,1.0,0.0,0.0
0.0,1.0,0.0,0.0
0.066,0.884,0.05,-0.1531
0.121,0.879,0.0,-0.5719
0.101,0.856,0.043,-0.3612
0.168,0.656,0.175,0.0772
0.094,0.906,0.0,-0.3612
0.177,0.53,0.293,0.509
0.067,0.785,0.148,0.5106
0.129,0.871,0.0,-0.6705
0.264,0.736,0.0,-0.8653
0.0,0.899,0.101,0.5574
0.227,0.702,0.07,-0.8126
0.0,0.891,0.109,0.3252
0.0,0.917,0.083,0.4019
0.0,1.0,0.0,0.0
0.0,1.0,0.0,0.0
0.0,1.0,0.0,0.0
0.31,0.69,0.0,-0.6486
0.0,0.894,0.106,0.3612
0.193,0.644,0.163,-0.2023
0.074,0.687,0.239,0.8225
0.047,0.867,0.087,0.296
0.2,0.725,0.075,-0.6124
0.643,0.357,0.0,-0.5574
0.114,0.656,0.231,0.3976
0.214,0.786,0.0,-0.4588
0.27,0.73,0.0,-0.5719
0.0,1.0,0.0,0.0
0.0,0.907,0.093,0.5574
0.0,1.0,0.0,0.0
0.047,0.909,0.044,-0.0516
0.051,0.924,0.025,-0.2732
0.0,1.0,0.0,0.0
0.204,0.566,0.23,0.0943
0.0,1.0,0.0,0.0
0.174,0.826,0.0,-0.7783
0.189,0.708,0.103,-0.5994
0.0,1.0,0.0,0.0
0.0,0.916,0.084,0.296
0.288,0.712,0.0,-0.7964
0.0,1.0,0.0,0.0
0.0,1.0,0.0,0.0
0.0,0.923,0.077,0.3818
0.273,0.727,0.0,-0.6705
0.0,0.916,0.084,0.34
0.0,1.0,0.0,0.0
0.137,0.754,0.108,-0.128
0.0,0.793,0.207,0.34
0.155,0.845,0.0,-0.296
0.103,0.897,0.0,-0.3182
0.109,0.891,0.0,-0.296
0.0,0.754,0.246,0.8689
0.13,0.87,0.0,-0.6901
0.0,1.0,0.0,0.0
0.266,0.734,0.0,-0.5719
0.0,1.0,0.0,0.0
0.0,0.762,0.238,0.3612
0.0,0.491,0.509,0.8074
0.058,0.85,0.093,0.3164
0.058,0.942,0.0,-0.296
0.0,1.0,0.0,0.0
0.0,0.896,0.104,0.4215
0.0,0.878,0.122,0.5984
0.126,0.771,0.103,-0.296
0.0,0.94,0.06,0.3007
0.0,1.0,0.0,0.0
0.0,1.0,0.0,0.0
0.138,0.862,0.0,-0.34
0.222,0.665,0.113,-0.6458
0.063,0.773,0.164,0.5762
0.0,1.0,0.0,0.0
0.09,0.806,0.104,0.1531
0.212,0.788,0.0,-0.5423
0.124,0.876,0.0,-0.34
0.0,1.0,0.0,0.0
0.191,0.736,0.074,-0.7845
0.133,0.791,0.076,-0.3664
0.14,0.713,0.146,-0.3042
0.039,0.773,0.189,0.8537
0.059,0.827,0.114,0.34
0.0,1.0,0.0,0.0
0.0,1.0,0.0,0.0
0.419,0.581,0.0,-0.802
0.0,1.0,0.0,0.0
0.076,0.924,0.0,-0.4019
0.2,0.8,0.0,-0.875
0.143,0.754,0.103,-0.2732
0.185,0.687,0.128,-0.4404
0.153,0.847,0.0,-0.6978
0.247,0.637,0.116,-0.5423
0.119,0.746,0.136,0.1901
0.192,0.786,0.022,-0.8807
0.068,0.826,0.106,0.3182
0.444,0.556,0.0,-0.6114
0.168,0.776,0.057,-0.743
0.199,0.801,0.0,-0.5766
0.0,0.824,0.176,0.8169
0.153,0.847,0.0,-0.7456
0.0,1.0,0.0,0.0
0.102,0.898,0.0,-0.3818
0.0,0.806,0.194,0.5574
0.077,0.772,0.151,0.3586
0.05,0.92,0.031,-0.2023
0.287,0.631,0.081,-0.9331
0.0,0.566,0.434,0.8475
0.072,0.854,0.074,0.0258
0.238,0.762,0.0,-0.3612
0.071,0.929,0.0,-0.296
0.0,0.845,0.155,0.7901
0.079,0.921,0.0,-0.34
0.03,0.69,0.28,0.8901
0.171,0.829,0.0,-0.8169
0.17,0.83,0.0,-0.6249
0.0,1.0,0.0,0.0
0.192,0.728,0.079,-0.4767
0.0,1.0,0.0,0.0
0.359,0.578,0.064,-0.8658
0.0,1.0,0.0,0.0
0.128,0.872,0.0,-0.6808
0.247,0.753,0.0,-0.8807
0.142,0.747,0.11,-0.2263
0.149,0.681,0.17,0.2516
0.0,1.0,0.0,0.0
0.167,0.833,0.0,-0.3818
0.0,1.0,0.0,0.0
0.15,0.804,0.046,-0.5859
0.162,0.708,0.13,-0.4516
0.0,1.0,0.0,0.0
0.0,1.0,0.0,0.0
0.249,0.751,0.0,-0.9455
0.041,0.959,0.0,-0.2023
0.0,1.0,0.0,0.0
0.065,0.777,0.158,0.4871
0.0,1.0,0.0,0.0
0.202,0.798,0.0,-0.5106
0.067,0.933,0.0,-0.4497
0.121,0.879,0.0,-0.5517
0.483,0.517,0.0,-0.4215
0.0,0.776,0.224,0.7119
0.0,0.934,0.066,0.2263
0.744,0.256,0.0,-0.4404
0.0,0.931,0.069,0.4404
0.169,0.755,0.076,-0.5204
0.0,1.0,0.0,0.0
0.167,0.756,0.077,-0.6114
0.211,0.625,0.164,-0.1516
0.0,0.934,0.066,0.34
0.0,0.828,0.172,0.4019
0.179,0.745,0.076,-0.8012
0.0,0.879,0.121,0.5719
0.126,0.68,0.193,0.4696
0.188,0.812,0.0,-0.4588
0.026,0.974,0.0,-0.0516
0.0,1.0,0.0,0.0
0.257,0.743,0.0,-0.9081
0.0,1.0,0.0,0.0
0.046,0.886,0.068,0.2212
0.0,1.0,0.0,0.0
0.0,1.0,0.0,0.0
0.162,0.838,0.0,-0.7003
0.048,0.718,0.234,0.7536
0.311,0.643,0.046,-0.8126
0.0,1.0,0.0,0.0
0.122,0.811,0.068,-0.4939
0.044,0.925,0.031,-0.1531
0.07,0.756,0.174,0.6597
0.234,0.766,0.0,-0.6705
0.256,0.65,0.093,-0.6124
0.105,0.835,0.06,-0.4404
0.148,0.793,0.059,-0.4995
0.0,1.0,0.0,0.0
0.0,1.0,0.0,0.0
0.0,1.0,0.0,0.0
0.0,0.942,0.058,0.0772
0.0,1.0,0.0,0.0
0.0,0.889,0.111,0.6553
0.247,0.753,0.0,-0.8885
0.0,1.0,0.0,0.0
0.081,0.748,0.171,0.4404
0.29,0.57,0.14,-0.4404
0.0,1.0,0.0,0.0
0.0,0.963,0.037,0.0772
0.098,0.678,0.224,0.8436
0.159,0.753,0.088,-0.6771
0.0,0.935,0.065,0.3164
0.074,0.926,0.0,-0.1531
0.266,0.734,0.0,-0.4404
0.0,0.926,0.074,0.4927
0.599,0.401,0.0,-0.6682
0.0,1.0,0.0,0.0
0.364,0.589,0.047,-0.946
0.0,1.0,0.0,0.0
0.118,0.733,0.148,-0.1027
0.036,0.712,0.252,0.9081
0.0,1.0,0.0,0.0
0.239,0.761,0.0,-0.5267
0.139,0.861,0.0,-0.7531
0.0,0.824,0.176,0.4588
0.0,1.0,0.0,0.0
0.043,0.86,0.096,0.4336
0.15,0.696,0.154,0.0258
0.0,1.0,0.0,0.0
0.31,0.69,0.0,-0.9519
0.0,1.0,0.0,0.0
0.0,1.0,0.0,0.0
0.0,0.929,0.071,0.1901
0.0,1.0,0.0,0.0
0.462,0.538,0.0,-0.9517
0.0,0.508,0.492,0.4404
0.097,0.824,0.079,-0.128
0.0,0.823,0.177,0.4215
0.0,0.872,0.128,0.6115
0.0,0.769,0.231,0.8316
0.09,0.829,0.081,0.1531
0.0,1.0,0.0,0.0
0.0,1.0,0.0,0.0
0.0,1.0,0.0,0.0
0.0,1.0,0.0,0.0
0.286,0.714,0.0,-0.5574
0.0,0.848,0.152,0.6124
0.029,0.883,0.087,0.5504
0.076,0.828,0.096,0.1531
0.0,1.0,0.0,0.0
0.104,0.549,0.346,0.8316
0.289,0.587,0.124,-0.5378
0.0,1.0,0.0,0.0
0.064,0.881,0.055,-0.101
0.203,0.694,0.103,-0.0451
0.174,0.714,0.112,-0.34
0.0,0.949,0.051,0.4019
0.0,0.827,0.173,0.6705
0.0,0.783,0.217,0.5574
0.055,0.945,0.0,-0.34
0.0,0.722,0.278,0.4019
0.113,0.887,0.0,-0.5106
0.145,0.782,0.073,-0.3182
0.13,0.87,0.0,-0.4019
0.091,0.909,0.0,-0.3818
0.093,0.819,0.089,-0.0258
0.0,1.0,0.0,0.0
0.117,0.737,0.146,0.354
0.0,0.712,0.288,0.4995
0.0,1.0,0.0,0.0
0.077,0.923,0.0,-0.3612
0.206,0.737,0.058,-0.7531
0.0,1.0,0.0,0.0
0.0,0.71,0.29,0.8398
0.07,0.93,0.0,-0.2732
0.171,0.62,0.209,0.128
0.0,0.836,0.164,0.4466
0.0,1.0,0.0,0.0
0.165,0.795,0.041,-0.7506
0.126,0.874,0.0,-0.5994
0.183,0.817,0.0,-0.8225
0.156,0.75,0.094,-0.25
0.253,0.747,0.0,-0.9161
0.0,1.0,0.0,0.0
0.074,0.739,0.187,0.4404
0.0,1.0,0.0,0.0
0.0,1.0,0.0,0.0
0.048,0.798,0.153,0.6874
0.0,0.909,0.091,0.128
0.341,0.659,0.0,-0.4767
0.089,0.796,0.115,0.1306
0.106,0.856,0.037,-0.4588
0.0,1.0,0.0,0.0
0.144,0.733,0.123,0.0772
0.0,1.0,0.0,0.0
0.11,0.89,0.0,-0.1531
0.167,0.833,0.0,-0.8481
0.14,0.86,0.0,-0.4767
0.189,0.811,0.0,-0.5994
0.09,0.882,0.028,-0.3595
0.0,0.784,0.216,0.7003
0.0,0.941,0.059,0.3182
0.239,0.705,0.057,-0.7906
0.0,1.0,0.0,0.0
0.311,0.632,0.056,-0.8979
0.0,1.0,0.0,0.0
0.119,0.762,0.119,0.0
0.0,0.9,0.1,0.4404
0.0,0.912,0.088,0.3612
0.098,0.902,0.0,-0.34
0.0,0.841,0.159,0.5267
0.061,0.739,0.2,0.6476
0.16,0.741,0.098,-0.6249
0.152,0.714,0.134,-0.2023
0.25,0.651,0.099,-0.9057
0.0,1.0,0.0,0.0
0.0,0.734,0.266,0.4404
0.054,0.9,0.046,-0.0772
0.257,0.743,0.0,-0.7906
0.0,0.894,0.106,0.4939
0.0,1.0,0.0,0.0
0.245,0.701,0.054,-0.8516
0.0,1.0,0.0,0.0
0.0,1.0,0.0,0.0
0.157,0.843,0.0,-0.4215
0.053,0.817,0.13,0.6124
0.252,0.682,0.066,-0.8115
0.074,0.926,0.0,-0.3597
0.362,0.638,0.0,-0.5267
0.0,1.0,0.0,0.0
0.12,0.719,0.162,0.1779
0.086,0.747,0.167,0.34
0.304,0.696,0.0,-0.5859
0.087,0.844,0.069,-0.1779
0.183,0.749,0.068,-0.5432
0.0,0.838,0.162,0.4019
0.155,0.845,0.0,-0.296
0.136,0.864,0.0,-0.296
0.073,0.851,0.076,0.0258
0.08,0.92,0.0,-0.1027
0.0,1.0,0.0,0.0
0.137,0.772,0.09,-0.4784
0.0,0.826,0.174,0.5859
0.0,0.886,0.114,0.2023
0.0,0.791,0.209,0.4404
0.076,0.924,0.0,-0.2023
0.0,0.724,0.276,0.891
0.052,0.898,0.05,-0.0258
0.041,0.807,0.152,0.6523
0.104,0.798,0.098,-0.0772
0.0,1.0,0.0,0.0
0.0,1.0,0.0,0.0
0.0,1.0,0.0,0.0
0.253,0.747,0.0,-0.7269
0.124,0.734,0.141,0.0772
0.0,1.0,0.0,0.0
0.042,0.878,0.08,0.4588
0.0,1.0,0.0,0.0
0.213,0.787,0.0,-0.4019
0.0,0.728,0.272,0.5938
0.0,1.0,0.0,0.0
0.0,0.921,0.079,0.2044
0.0,1.0,0.0,0.0
0.18,0.82,0.0,-0.296
0.103,0.897,0.0,-0.4215
0.209,0.724,0.067,-0.8025
0.147,0.629,0.224,0.2709
0.271,0.674,0.055,-0.8979
0.0,1.0,0.0,0.0
0.216,0.733,0.051,-0.8516
0.0,0.826,0.174,0.6369
0.142,0.858,0.0,-0.7293
0.0,0.748,0.252,0.9027
0.12,0.88,0.0,-0.7057
0.088,0.912,0.0,-0.3818
0.172,0.828,0.0,-0.4003
0.0,0.775,0.225,0.4404
0.072,0.854,0.074,0.0258
0.118,0.882,0.0,-0.34
0.166,0.761,0.074,-0.4767
0.0,1.0,0.0,0.0
0.161,0.839,0.0,-0.3182
0.0,1.0,0.0,0.0
0.249,0.585,0.166,-0.4019
0.185,0.733,0.082,-0.5423
